method,variant,benchmark,case_index,cells_per_side,cell_size,geometry_file,metric_status,native_symmetric_hausdorff,native_reconstruction_to_truth,native_truth_to_reconstruction,geometric_curvature_mean_absolute_error,geometric_curvature_rms_error,geometric_curvature_max_absolute_error,geometric_curvature_relative_l1_error,geometric_curvature_reconstructed_length,geometric_curvature_quadrature_samples
PCIC,bare PCIC (center translation),circles,0,32,3.125,experiments/baselines/results/pcic_project_smoke_20260813_final/geometry/translate_center_circles_N32_case00.json,complete,0.007932959613077705,0.007932959613077705,0.007902545214495698,0.0013785861255818403,0.0019832178943451845,0.005017790390878393,0.013785861255818396,62.81562486881704,384
PCIC,bare PCIC (center translation),circles,1,32,3.125,experiments/baselines/results/pcic_project_smoke_20260813_final/geometry/translate_center_circles_N32_case01.json,complete,0.00912729203000297,0.00912729203000297,0.009067118051056864,0.0013865013627904132,0.0017980896210303382,0.0041823260507928145,0.013865013627904151,62.82541948166545,416
PCIC,bare PCIC (center translation),circles,2,32,3.125,experiments/baselines/results/pcic_project_smoke_20260813_final/geometry/translate_center_circles_N32_case02.json,complete,0.009996530369416404,0.009996530369416404,0.009499931328956502,0.001885648198618208,0.002289278120238641,0.007643354154377113,0.01885648198618208,62.851477740899455,416
PCIC,bare PCIC (center translation),circles,3,32,3.125,experiments/baselines/results/pcic_project_smoke_20260813_final/geometry/translate_center_circles_N32_case03.json,complete,0.0947094898149782,0.007300560283888197,0.0947094898149782,0.001938782558095925,0.00271075187263049,0.008389406937502467,0.01938782558095923,62.56577814933934,432
PCIC,bare PCIC (center translation),circles,4,32,3.125,experiments/baselines/results/pcic_project_smoke_20260813_final/geometry/translate_center_circles_N32_case04.json,complete,0.23652835888916746,0.008891452900557113,0.23652835888916746,0.0018112801709552564,0.0025646068355985015,0.012502231512846601,0.01811280170955256,62.32994746825873,432
PCIC,bare PCIC (center translation),circles,0,64,1.5625,experiments/baselines/results/pcic_project_smoke_20260813_final/geometry/translate_center_circles_N64_case00.json,complete,0.009857563003307713,0.009857563003307713,0.009692160170761702,0.0026305658453835046,0.0037857325615543056,0.011461191017110253,0.026305658453835087,62.86608588837325,800
PCIC,bare PCIC (center translation),circles,1,64,1.5625,experiments/baselines/results/pcic_project_smoke_20260813_final/geometry/translate_center_circles_N64_case01.json,complete,0.0018435368641567683,0.001495910116089304,0.0018435368641567683,0.0010790862767925385,0.0015434947537700473,0.004022736036564847,0.010790862767925373,62.82901759874914,800
PCIC,bare PCIC (center translation),circles,2,64,1.5625,experiments/baselines/results/pcic_project_smoke_20260813_final/geometry/translate_center_circles_N64_case02.json,complete,0.02734245401890826,0.002178780711001946,0.02734245401890826,0.0012314232226618717,0.001743554430184563,0.006360060493110983,0.012314232226618708,62.7744311045315,784
PCIC,bare PCIC (center translation),circles,3,64,1.5625,experiments/baselines/results/pcic_project_smoke_20260813_final/geometry/translate_center_circles_N64_case03.json,complete,0.004241684397156614,0.004241684397156614,0.0027839179725246167,0.0016884971631475633,0.0025066483997996545,0.008560775684207836,0.016884971631475624,62.915292459477364,832
PCIC,bare PCIC (center translation),circles,4,64,1.5625,experiments/baselines/results/pcic_project_smoke_20260813_final/geometry/translate_center_circles_N64_case04.json,complete,0.004040974571923874,0.0017162480671987011,0.004040974571923874,0.0016755353059381937,0.00223442693548849,0.007342392888290264,0.016755353059381934,62.81360840270327,832
PCIC,bare PCIC (center translation),circles,0,128,0.78125,experiments/baselines/results/pcic_project_smoke_20260813_final/geometry/translate_center_circles_N128_case00.json,complete,0.01148190323445355,0.0008403679589246928,0.01148190323445355,0.001334467594944572,0.0019331366898036261,0.0060709247961697604,0.013344675949445708,62.803623000175236,1616
PCIC,bare PCIC (center translation),circles,1,128,0.78125,experiments/baselines/results/pcic_project_smoke_20260813_final/geometry/translate_center_circles_N128_case01.json,complete,0.021065684785677927,0.0005495872643491935,0.021065684785677927,0.0012680840882658255,0.001905056267691894,0.011951408473618363,0.012680840882658233,62.78904293863421,1584
PCIC,bare PCIC (center translation),circles,2,128,0.78125,experiments/baselines/results/pcic_project_smoke_20260813_final/geometry/translate_center_circles_N128_case02.json,complete,0.027579709472445126,0.0006390801394725568,0.027579709472445126,0.0013358511490101546,0.0018819593244509842,0.006819174435665723,0.013358511490101527,62.77663759204781,1616
PCIC,bare PCIC (center translation),circles,3,128,0.78125,experiments/baselines/results/pcic_project_smoke_20260813_final/geometry/translate_center_circles_N128_case03.json,complete,0.019456890113505237,0.0030365685264915785,0.019456890113505237,0.001652132542488347,0.002629890484600463,0.013201643244623876,0.01652132542488348,62.79368129042601,1648
PCIC,bare PCIC (center translation),circles,4,128,0.78125,experiments/baselines/results/pcic_project_smoke_20260813_final/geometry/translate_center_circles_N128_case04.json,complete,0.0016031950687373855,0.0016031950687373855,0.0008802668960072767,0.0014904466340991285,0.002057505640887206,0.0070640408993324355,0.014904466340991272,62.84110439374466,1664
PCIC,bare PCIC (center translation),ellipses,0,32,3.125,experiments/baselines/results/pcic_project_smoke_20260813_final/geometry/translate_center_ellipses_N32_case00.json,complete,0.021166923144990326,0.021166923144990326,0.020736751875419034,0.0014829515084835117,0.0021624673392383366,0.008467709611098176,0.03744105432873445,158.65849873097642,1024
PCIC,bare PCIC (center translation),ellipses,1,32,3.125,experiments/baselines/results/pcic_project_smoke_20260813_final/geometry/translate_center_ellipses_N32_case01.json,complete,0.020099086468390218,0.01983889062119238,0.020099086468390218,0.0017609877170667151,0.0026211168312910414,0.009941564118790741,0.04383638734974006,156.43389835169899,992
PCIC,bare PCIC (center translation),ellipses,2,32,3.125,experiments/baselines/results/pcic_project_smoke_20260813_final/geometry/translate_center_ellipses_N32_case02.json,complete,0.018180096072953116,0.016438098493917332,0.018180096072953116,0.0017610809232569884,0.002524631004122242,0.00945589891059967,0.043263934435393406,154.44620323602206,992
PCIC,bare PCIC (center translation),ellipses,3,32,3.125,experiments/baselines/results/pcic_project_smoke_20260813_final/geometry/translate_center_ellipses_N32_case03.json,complete,0.03414875808517475,0.03414875808517475,0.03404369802815224,0.0018999543670967392,0.0028480646611647796,0.012812416352968467,0.04612212693872946,152.56227515680322,960
PCIC,bare PCIC (center translation),ellipses,4,32,3.125,experiments/baselines/results/pcic_project_smoke_20260813_final/geometry/translate_center_ellipses_N32_case04.json,complete,0.038711366383795416,0.02695111013401382,0.038711366383795416,0.002028075852708274,0.003168122297507978,0.014021513341964678,0.04871681576219717,150.85861388690486,992
PCIC,bare PCIC (center translation),ellipses,0,64,1.5625,experiments/baselines/results/pcic_project_smoke_20260813_final/geometry/translate_center_ellipses_N64_case00.json,complete,0.0028443513586879432,0.0028443513586879432,0.0028263075000626967,0.0008359091667164296,0.0012127022214299913,0.00893420898519505,0.021106429382979044,158.6585105298012,2048
PCIC,bare PCIC (center translation),ellipses,1,64,1.5625,experiments/baselines/results/pcic_project_smoke_20260813_final/geometry/translate_center_ellipses_N64_case01.json,complete,0.0027562662260673687,0.0027562662260673687,0.002408079373557446,0.0008153697491486645,0.0011548616298052994,0.004743433587749132,0.020298460447829403,156.44262910555824,2016
PCIC,bare PCIC (center translation),ellipses,2,64,1.5625,experiments/baselines/results/pcic_project_smoke_20260813_final/geometry/translate_center_ellipses_N64_case02.json,complete,0.020636635850436395,0.0029206699712978675,0.020636635850436395,0.0009797269027775743,0.0013989434322183138,0.005721934740173171,0.02407688965923623,154.37574488610514,1968
PCIC,bare PCIC (center translation),ellipses,3,64,1.5625,experiments/baselines/results/pcic_project_smoke_20260813_final/geometry/translate_center_ellipses_N64_case03.json,complete,0.004475556279365764,0.004475556279365764,0.004472809845805781,0.0011437085418804609,0.0016714769590442874,0.008704531072223999,0.027769525329276085,152.55627026066526,1936
PCIC,bare PCIC (center translation),ellipses,4,64,1.5625,experiments/baselines/results/pcic_project_smoke_20260813_final/geometry/translate_center_ellipses_N64_case04.json,complete,0.05033480081606552,0.004579852151766146,0.05033480081606552,0.0012000350834516249,0.0019716118081217304,0.011479836790151354,0.028815767241402005,150.75570813571332,1952
PCIC,bare PCIC (center translation),ellipses,0,128,0.78125,experiments/baselines/results/pcic_project_smoke_20260813_final/geometry/translate_center_ellipses_N128_case00.json,complete,0.019572701939573497,0.0004999958426299931,0.019572701939573497,0.0007516045637160809,0.0010581682412171092,0.0041947462249031925,0.018979207061299956,158.58745625209087,4080
PCIC,bare PCIC (center translation),ellipses,1,128,0.78125,experiments/baselines/results/pcic_project_smoke_20260813_final/geometry/translate_center_ellipses_N128_case01.json,complete,0.03927714008312467,0.0006021372552964047,0.03927714008312467,0.0007601652432033696,0.0011428216502470806,0.009984461350180794,0.01892437208715775,156.29645549398438,3952
PCIC,bare PCIC (center translation),ellipses,2,128,0.78125,experiments/baselines/results/pcic_project_smoke_20260813_final/geometry/translate_center_ellipses_N128_case02.json,complete,0.0006309097391500913,0.0006309097391500913,0.0005932595857371749,0.0007280678061680945,0.0010457045798975167,0.004694004516495501,0.017892556494346158,154.4107883173327,3968
PCIC,bare PCIC (center translation),ellipses,3,128,0.78125,experiments/baselines/results/pcic_project_smoke_20260813_final/geometry/translate_center_ellipses_N128_case03.json,complete,0.03424602507885936,0.0007295413037779192,0.03424602507885936,0.0008551847327667193,0.001223672308794347,0.0061962336091337805,0.02077003159548085,152.37235268229395,3776
PCIC,bare PCIC (center translation),ellipses,4,128,0.78125,experiments/baselines/results/pcic_project_smoke_20260813_final/geometry/translate_center_ellipses_N128_case04.json,complete,0.051733376286317745,0.00046482763606471415,0.051733376286317745,0.00072427602270937,0.0010210843884045973,0.004179754922786591,0.017397080523930672,150.6289414567975,3840
PCIC,bare PCIC (center translation),lines,0,32,3.125,experiments/baselines/results/pcic_project_smoke_20260813_final/geometry/translate_center_lines_N32_case00.json,complete,9.375,2.842241997313977e-10,9.375,,,,,,0
PCIC,bare PCIC (center translation),lines,1,32,3.125,experiments/baselines/results/pcic_project_smoke_20260813_final/geometry/translate_center_lines_N32_case01.json,complete,9.679025765058348,0.0018814439939112697,9.679025765058348,,,,,,0
PCIC,bare PCIC (center translation),lines,2,32,3.125,experiments/baselines/results/pcic_project_smoke_20260813_final/geometry/translate_center_lines_N32_case02.json,complete,10.69831977440256,0.00041465328332860007,10.69831977440256,,,,,,0
PCIC,bare PCIC (center translation),lines,3,32,3.125,experiments/baselines/results/pcic_project_smoke_20260813_final/geometry/translate_center_lines_N32_case03.json,complete,12.860627072423341,0.000560710326291219,12.860627072423341,,,,,,0
PCIC,bare PCIC (center translation),lines,4,32,3.125,experiments/baselines/results/pcic_project_smoke_20260813_final/geometry/translate_center_lines_N32_case04.json,complete,11.103478835775354,0.00018044956384265982,11.103478835775354,,,,,,0
PCIC,bare PCIC (center translation),lines,0,64,1.5625,experiments/baselines/results/pcic_project_smoke_20260813_final/geometry/translate_center_lines_N64_case00.json,complete,4.687500000000014,8.037659426918253e-11,4.687500000000014,,,,,,0
PCIC,bare PCIC (center translation),lines,1,64,1.5625,experiments/baselines/results/pcic_project_smoke_20260813_final/geometry/translate_center_lines_N64_case01.json,complete,4.839558440914623,0.00023398298366368396,4.839558440914623,,,,,,0
PCIC,bare PCIC (center translation),lines,2,64,1.5625,experiments/baselines/results/pcic_project_smoke_20260813_final/geometry/translate_center_lines_N64_case02.json,complete,5.349170176741821,0.0006164895787086321,5.349170176741821,,,,,,0
PCIC,bare PCIC (center translation),lines,3,64,1.5625,experiments/baselines/results/pcic_project_smoke_20260813_final/geometry/translate_center_lines_N64_case03.json,complete,6.430312401557309,0.0002993680650148451,6.430312401557309,,,,,,0
PCIC,bare PCIC (center translation),lines,4,64,1.5625,experiments/baselines/results/pcic_project_smoke_20260813_final/geometry/translate_center_lines_N64_case04.json,complete,5.551745444869537,0.00011049603960725475,5.551745444869537,,,,,,0
PCIC,bare PCIC (center translation),lines,0,128,0.78125,experiments/baselines/results/pcic_project_smoke_20260813_final/geometry/translate_center_lines_N128_case00.json,complete,2.34375,1.2882139799330616e-11,2.34375,,,,,,0
PCIC,bare PCIC (center translation),lines,1,128,0.78125,experiments/baselines/results/pcic_project_smoke_20260813_final/geometry/translate_center_lines_N128_case01.json,complete,2.4197781290517173,0.00016236361998713718,2.4197781290517173,,,,,,0
PCIC,bare PCIC (center translation),lines,2,128,0.78125,experiments/baselines/results/pcic_project_smoke_20260813_final/geometry/translate_center_lines_N128_case02.json,complete,2.674585286482927,0.0003090997359481328,2.674585286482927,,,,,,0
PCIC,bare PCIC (center translation),lines,3,128,0.78125,experiments/baselines/results/pcic_project_smoke_20260813_final/geometry/translate_center_lines_N128_case03.json,complete,3.2151573193476053,0.00018403763644423305,3.2151573193476053,,,,,,0
PCIC,bare PCIC (center translation),lines,4,128,0.78125,experiments/baselines/results/pcic_project_smoke_20260813_final/geometry/translate_center_lines_N128_case04.json,complete,2.7758812132027932,5.4238850588345504e-05,2.7758812132027932,,,,,,0
PCIC,bare PCIC (center translation),squares,0,32,3.125,experiments/baselines/results/pcic_project_smoke_20260813_final/geometry/translate_center_squares_N32_case00.json,complete,0.9460951300725747,0.9460951300725747,0.8234517531593522,,,,,,0
PCIC,bare PCIC (center translation),squares,1,32,3.125,experiments/baselines/results/pcic_project_smoke_20260813_final/geometry/translate_center_squares_N32_case01.json,complete,2.0899271267849824,0.8364365521679038,2.0899271267849824,,,,,,0
PCIC,bare PCIC (center translation),squares,2,32,3.125,experiments/baselines/results/pcic_project_smoke_20260813_final/geometry/translate_center_squares_N32_case02.json,complete,1.0949906136995082,0.8665938752460065,1.0949906136995082,,,,,,0
PCIC,bare PCIC (center translation),squares,3,32,3.125,experiments/baselines/results/pcic_project_smoke_20260813_final/geometry/translate_center_squares_N32_case03.json,complete,1.6035063033751193,0.771896551318113,1.6035063033751193,,,,,,0
PCIC,bare PCIC (center translation),squares,4,32,3.125,experiments/baselines/results/pcic_project_smoke_20260813_final/geometry/translate_center_squares_N32_case04.json,complete,0.8363086698580622,0.8262739103185673,0.8363086698580622,,,,,,0
PCIC,bare PCIC (center translation),squares,0,64,1.5625,experiments/baselines/results/pcic_project_smoke_20260813_final/geometry/translate_center_squares_N64_case00.json,complete,0.38617071498808575,0.36113217203267806,0.38617071498808575,,,,,,0
PCIC,bare PCIC (center translation),squares,1,64,1.5625,experiments/baselines/results/pcic_project_smoke_20260813_final/geometry/translate_center_squares_N64_case01.json,complete,0.41698850767763856,0.3721572004248137,0.41698850767763856,,,,,,0
PCIC,bare PCIC (center translation),squares,2,64,1.5625,experiments/baselines/results/pcic_project_smoke_20260813_final/geometry/translate_center_squares_N64_case02.json,complete,0.3695872219348988,0.3695872219348988,0.3383894589265239,,,,,,0
PCIC,bare PCIC (center translation),squares,3,64,1.5625,experiments/baselines/results/pcic_project_smoke_20260813_final/geometry/translate_center_squares_N64_case03.json,complete,0.6073070374495279,0.45300866382973737,0.6073070374495279,,,,,,0
PCIC,bare PCIC (center translation),squares,4,64,1.5625,experiments/baselines/results/pcic_project_smoke_20260813_final/geometry/translate_center_squares_N64_case04.json,complete,0.5544827554602836,0.5544827554602836,0.4810381993953078,,,,,,0
PCIC,bare PCIC (center translation),squares,0,128,0.78125,experiments/baselines/results/pcic_project_smoke_20260813_final/geometry/translate_center_squares_N128_case00.json,complete,0.24741812383527223,0.24741812383527223,0.192946188582161,,,,,,0
PCIC,bare PCIC (center translation),squares,1,128,0.78125,experiments/baselines/results/pcic_project_smoke_20260813_final/geometry/translate_center_squares_N128_case01.json,complete,0.22474318014922892,0.22182121699447632,0.22474318014922892,,,,,,0
PCIC,bare PCIC (center translation),squares,2,128,0.78125,experiments/baselines/results/pcic_project_smoke_20260813_final/geometry/translate_center_squares_N128_case02.json,complete,0.235572139888922,0.16550930538898773,0.235572139888922,,,,,,0
PCIC,bare PCIC (center translation),squares,3,128,0.78125,experiments/baselines/results/pcic_project_smoke_20260813_final/geometry/translate_center_squares_N128_case03.json,complete,0.2189614009364379,0.2189614009364379,0.1447962983199741,,,,,,0
PCIC,bare PCIC (center translation),squares,4,128,0.78125,experiments/baselines/results/pcic_project_smoke_20260813_final/geometry/translate_center_squares_N128_case04.json,complete,0.4150331474274374,0.4150331474274374,0.26515935639794086,,,,,,0
PCIC,bare PCIC (center translation),zalesak,0,32,3.125,experiments/baselines/results/pcic_project_smoke_20260813_final/geometry/translate_center_zalesak_N32_case00.json,complete,1.3351723024384823,1.3351723024384823,1.0007140840551547,,,,,,0
PCIC,bare PCIC (center translation),zalesak,1,32,3.125,experiments/baselines/results/pcic_project_smoke_20260813_final/geometry/translate_center_zalesak_N32_case01.json,complete,1.7339547994689173,1.7339547994689173,0.9860035718204291,,,,,,0
PCIC,bare PCIC (center translation),zalesak,2,32,3.125,experiments/baselines/results/pcic_project_smoke_20260813_final/geometry/translate_center_zalesak_N32_case02.json,complete,1.9407444838701229,1.9407444838701229,0.9408120862353888,,,,,,0
PCIC,bare PCIC (center translation),zalesak,3,32,3.125,experiments/baselines/results/pcic_project_smoke_20260813_final/geometry/translate_center_zalesak_N32_case03.json,complete,1.155879727348868,1.155879727348868,0.9754662703713785,,,,,,0
PCIC,bare PCIC (center translation),zalesak,4,32,3.125,experiments/baselines/results/pcic_project_smoke_20260813_final/geometry/translate_center_zalesak_N32_case04.json,complete,2.0685829224818204,2.0685829224818204,0.8815218111092257,,,,,,0
PCIC,bare PCIC (center translation),zalesak,0,64,1.5625,experiments/baselines/results/pcic_project_smoke_20260813_final/geometry/translate_center_zalesak_N64_case00.json,complete,0.7820616713073025,0.48870624568482424,0.7820616713073025,,,,,,0
PCIC,bare PCIC (center translation),zalesak,1,64,1.5625,experiments/baselines/results/pcic_project_smoke_20260813_final/geometry/translate_center_zalesak_N64_case01.json,complete,0.4526720077707304,0.368832345055451,0.4526720077707304,,,,,,0
PCIC,bare PCIC (center translation),zalesak,2,64,1.5625,experiments/baselines/results/pcic_project_smoke_20260813_final/geometry/translate_center_zalesak_N64_case02.json,complete,0.9779165239182581,0.9779165239182581,0.4284122747932657,,,,,,0
PCIC,bare PCIC (center translation),zalesak,3,64,1.5625,experiments/baselines/results/pcic_project_smoke_20260813_final/geometry/translate_center_zalesak_N64_case03.json,complete,0.7806683309545482,0.7806683309545482,0.4167530762245146,,,,,,0
PCIC,bare PCIC (center translation),zalesak,4,64,1.5625,experiments/baselines/results/pcic_project_smoke_20260813_final/geometry/translate_center_zalesak_N64_case04.json,complete,0.9310819940757261,0.9310819940757261,0.5295700019457973,,,,,,0
PCIC,bare PCIC (center translation),zalesak,0,128,0.78125,experiments/baselines/results/pcic_project_smoke_20260813_final/geometry/translate_center_zalesak_N128_case00.json,complete,0.3908183988993888,0.23960605088904346,0.3908183988993888,,,,,,0
PCIC,bare PCIC (center translation),zalesak,1,128,0.78125,experiments/baselines/results/pcic_project_smoke_20260813_final/geometry/translate_center_zalesak_N128_case01.json,complete,0.20967396824861836,0.1611348745765223,0.20967396824861836,,,,,,0
PCIC,bare PCIC (center translation),zalesak,2,128,0.78125,experiments/baselines/results/pcic_project_smoke_20260813_final/geometry/translate_center_zalesak_N128_case02.json,complete,0.28792720023534135,0.28792720023534135,0.2426928798187794,,,,,,0
PCIC,bare PCIC (center translation),zalesak,3,128,0.78125,experiments/baselines/results/pcic_project_smoke_20260813_final/geometry/translate_center_zalesak_N128_case03.json,complete,0.24207456429961988,0.23856995431481906,0.24207456429961988,,,,,,0
PCIC,bare PCIC (center translation),zalesak,4,128,0.78125,experiments/baselines/results/pcic_project_smoke_20260813_final/geometry/translate_center_zalesak_N128_case04.json,complete,0.3121146445107267,0.3121146445107267,0.21095675946392223,,,,,,0
PCIC,bare PCIC (radius adjustment),circles,0,32,3.125,experiments/baselines/results/pcic_project_smoke_20260813_final/geometry/adjust_radius_circles_N32_case00.json,complete,0.008107896631702357,0.008107896631702357,0.008076130350522242,0.0013869511147963373,0.002021407536853926,0.005130997806359103,0.01386951114796338,62.815936215085,384
PCIC,bare PCIC (radius adjustment),circles,1,32,3.125,experiments/baselines/results/pcic_project_smoke_20260813_final/geometry/adjust_radius_circles_N32_case01.json,complete,0.009203618290675415,0.009203618290675415,0.009142115696898186,0.0013967520519641743,0.0018274058057375189,0.004176899772085255,0.013967520519641742,62.82533752951334,416
PCIC,bare PCIC (radius adjustment),circles,2,32,3.125,experiments/baselines/results/pcic_project_smoke_20260813_final/geometry/adjust_radius_circles_N32_case02.json,complete,0.010454072751472752,0.010067131746874125,0.010454072751472752,0.0019318339105109889,0.0023376333125439343,0.004850357171566622,0.019318339105109907,62.79432874614056,400
PCIC,bare PCIC (radius adjustment),circles,3,32,3.125,experiments/baselines/results/pcic_project_smoke_20260813_final/geometry/adjust_radius_circles_N32_case03.json,complete,0.03770735233206385,0.007399588346121792,0.03770735233206385,0.0019827978948758307,0.0027688767845673195,0.008473278840403373,0.019827978948758335,62.720161105008124,448
PCIC,bare PCIC (radius adjustment),circles,4,32,3.125,experiments/baselines/results/pcic_project_smoke_20260813_final/geometry/adjust_radius_circles_N32_case04.json,complete,0.008897642878150765,0.008897642878150765,0.008869676844894583,0.0018280010586529654,0.002612348418960125,0.0127123038692748,0.01828001058652964,62.83184605914126,448
PCIC,bare PCIC (radius adjustment),circles,0,64,1.5625,experiments/baselines/results/pcic_project_smoke_20260813_final/geometry/adjust_radius_circles_N64_case00.json,complete,0.00985005097101682,0.00985005097101682,0.009685127812296215,0.0026423281042559595,0.003795835818768891,0.01142518158843217,0.02642328104255958,62.866670687941834,800
PCIC,bare PCIC (radius adjustment),circles,1,64,1.5625,experiments/baselines/results/pcic_project_smoke_20260813_final/geometry/adjust_radius_circles_N64_case01.json,complete,0.0018473514316052946,0.0014981396085849594,0.0018473514316052946,0.0010861771230936603,0.0015497352742546175,0.00403309736482578,0.010861771230936632,62.82899171727389,800
PCIC,bare PCIC (radius adjustment),circles,2,64,1.5625,experiments/baselines/results/pcic_project_smoke_20260813_final/geometry/adjust_radius_circles_N64_case02.json,complete,0.027342350683415922,0.002185894691902568,0.027342350683415922,0.0012392796865629925,0.00175227221840829,0.0063933810464273655,0.012392796865629975,62.77439657962706,784
PCIC,bare PCIC (radius adjustment),circles,3,64,1.5625,experiments/baselines/results/pcic_project_smoke_20260813_final/geometry/adjust_radius_circles_N64_case03.json,complete,0.004237271056096681,0.004237271056096681,0.0027951556964101996,0.0016957593401162978,0.002515102701582839,0.008615955570294029,0.01695759340116297,62.915264527875586,832
PCIC,bare PCIC (radius adjustment),circles,4,64,1.5625,experiments/baselines/results/pcic_project_smoke_20260813_final/geometry/adjust_radius_circles_N64_case04.json,complete,0.004042147562898041,0.0017202050302271325,0.004042147562898041,0.0016847724737686452,0.002247478261282155,0.007375924503333173,0.01684772473768642,62.81350757207641,832
PCIC,bare PCIC (radius adjustment),circles,0,128,0.78125,experiments/baselines/results/pcic_project_smoke_20260813_final/geometry/adjust_radius_circles_N128_case00.json,complete,0.004431735892723999,0.0008405941847341623,0.004431735892723999,0.0013362514110644723,0.0019361504583699392,0.006085461846414245,0.013362514110644671,62.82679484969796,1632
PCIC,bare PCIC (radius adjustment),circles,1,128,0.78125,experiments/baselines/results/pcic_project_smoke_20260813_final/geometry/adjust_radius_circles_N128_case01.json,complete,0.021065553662146814,0.0005499990243965586,0.021065553662146814,0.0012693412659818785,0.001907707648127426,0.011963341259460802,0.012693412659818763,62.789047982950436,1584
PCIC,bare PCIC (radius adjustment),circles,2,128,0.78125,experiments/baselines/results/pcic_project_smoke_20260813_final/geometry/adjust_radius_circles_N128_case02.json,complete,0.027578756788761014,0.0006396382908079571,0.027578756788761014,0.0013377947230714306,0.0018848558967863086,0.00682907870169093,0.013377947230714324,62.776640914541964,1616
PCIC,bare PCIC (radius adjustment),circles,3,128,0.78125,experiments/baselines/results/pcic_project_smoke_20260813_final/geometry/adjust_radius_circles_N128_case03.json,complete,0.0030360786555262416,0.0030360786555262416,0.003001614705146652,0.0016542376615974771,0.0026309923384055297,0.013192023782882797,0.016542376615974744,62.83304269605184,1664
PCIC,bare PCIC (radius adjustment),circles,4,128,0.78125,experiments/baselines/results/pcic_project_smoke_20260813_final/geometry/adjust_radius_circles_N128_case04.json,complete,0.009604966396249304,0.001602711709308633,0.009604966396249304,0.0014918043261585546,0.0020591026293166896,0.007054593079784635,0.014918043261585565,62.82179308109775,1648
PCIC,bare PCIC (radius adjustment),ellipses,0,32,3.125,experiments/baselines/results/pcic_project_smoke_20260813_final/geometry/adjust_radius_ellipses_N32_case00.json,complete,0.021186203262192064,0.021186203262192064,0.020754452908278872,0.001489861466239078,0.0021738434955527407,0.00849747118001,0.03761550060204258,158.6585194731783,1024
PCIC,bare PCIC (radius adjustment),ellipses,1,32,3.125,experiments/baselines/results/pcic_project_smoke_20260813_final/geometry/adjust_radius_ellipses_N32_case01.json,complete,0.020151715762799255,0.01989337906169521,0.020151715762799255,0.0017705997518745924,0.0026443703491728894,0.010139620711381955,0.04407567167409831,156.433765590268,992
PCIC,bare PCIC (radius adjustment),ellipses,2,32,3.125,experiments/baselines/results/pcic_project_smoke_20260813_final/geometry/adjust_radius_ellipses_N32_case02.json,complete,0.01818649648269306,0.016459421182818117,0.01818649648269306,0.0017702829162864156,0.0025387730290461915,0.00955666893551703,0.0434900149136527,154.44628265157112,992
PCIC,bare PCIC (radius adjustment),ellipses,3,32,3.125,experiments/baselines/results/pcic_project_smoke_20260813_final/geometry/adjust_radius_ellipses_N32_case03.json,complete,0.03420746958161928,0.03420746958161928,0.03410150713600359,0.001907272338681338,0.00286200442380252,0.01285208485072558,0.04629980780045773,152.56206288221128,960
PCIC,bare PCIC (radius adjustment),ellipses,4,32,3.125,experiments/baselines/results/pcic_project_smoke_20260813_final/geometry/adjust_radius_ellipses_N32_case04.json,complete,0.03877090641698791,0.026969528451396413,0.03877090641698791,0.002035057723116217,0.003181288444016133,0.014043004369443363,0.04888461331486765,150.85843687352366,992
PCIC,bare PCIC (radius adjustment),ellipses,0,64,1.5625,experiments/baselines/results/pcic_project_smoke_20260813_final/geometry/adjust_radius_ellipses_N64_case00.json,complete,0.002844619259856861,0.002844619259856861,0.002826570289401135,0.0008369087835429049,0.0012145697668995256,0.008954193918085572,0.021131669685075263,158.65850536492982,2048
PCIC,bare PCIC (radius adjustment),ellipses,1,64,1.5625,experiments/baselines/results/pcic_project_smoke_20260813_final/geometry/adjust_radius_ellipses_N64_case01.json,complete,0.0027553493656467458,0.0027553493656467458,0.00240899254709485,0.0008161038990642998,0.0011560533317336171,0.004744241343838329,0.02031673790877948,156.44261839415836,2016
PCIC,bare PCIC (radius adjustment),ellipses,2,64,1.5625,experiments/baselines/results/pcic_project_smoke_20260813_final/geometry/adjust_radius_ellipses_N64_case02.json,complete,0.020636473435504614,0.0029217472487101104,0.020636473435504614,0.000980820732041575,0.0014006315806056574,0.005726942293101181,0.024103769849774512,154.37575257912843,1968
PCIC,bare PCIC (radius adjustment),ellipses,3,64,1.5625,experiments/baselines/results/pcic_project_smoke_20260813_final/geometry/adjust_radius_ellipses_N64_case03.json,complete,0.03657118179255608,0.004474430658160474,0.03657118179255608,0.0011452668349598175,0.001674011132441041,0.008717910642201468,0.027814221428989858,152.48312430671427,1920
PCIC,bare PCIC (radius adjustment),ellipses,4,64,1.5625,experiments/baselines/results/pcic_project_smoke_20260813_final/geometry/adjust_radius_ellipses_N64_case04.json,complete,0.004898715961160179,0.004585029937054088,0.004898715961160179,0.0012011849167948778,0.0019748555532431073,0.011504374696720235,0.028847784334009943,150.85991963696074,1968
PCIC,bare PCIC (radius adjustment),ellipses,0,128,0.78125,experiments/baselines/results/pcic_project_smoke_20260813_final/geometry/adjust_radius_ellipses_N128_case00.json,complete,0.019572639464879336,0.000499970326561407,0.019572639464879336,0.0007518340888506832,0.0010584870503690133,0.004195635801633478,0.0189850028781848,158.58745711592667,4080
PCIC,bare PCIC (radius adjustment),ellipses,1,128,0.78125,experiments/baselines/results/pcic_project_smoke_20260813_final/geometry/adjust_radius_ellipses_N128_case01.json,complete,0.039277131001798596,0.000602201171972514,0.039277131001798596,0.0007603623131737208,0.0011432486536327466,0.00998885663053823,0.018929278065184168,156.29645618311602,3952
PCIC,bare PCIC (radius adjustment),ellipses,2,128,0.78125,experiments/baselines/results/pcic_project_smoke_20260813_final/geometry/adjust_radius_ellipses_N128_case02.json,complete,0.0006309270866808481,0.0006309270866808481,0.0005932755814039292,0.0007283410150113965,0.0010462151493570997,0.004697608645661724,0.017899270590477634,154.41078942221785,3968
PCIC,bare PCIC (radius adjustment),ellipses,3,128,0.78125,experiments/baselines/results/pcic_project_smoke_20260813_final/geometry/adjust_radius_ellipses_N128_case03.json,complete,0.0365869322025717,0.000729553807560969,0.0365869322025717,0.0008544635099182536,0.0012230450714542742,0.006198875074082788,0.02075518360302408,152.26331891689537,3744
PCIC,bare PCIC (radius adjustment),ellipses,4,128,0.78125,experiments/baselines/results/pcic_project_smoke_20260813_final/geometry/adjust_radius_ellipses_N128_case04.json,complete,0.025084091512482292,0.0004643067291384491,0.025084091512482292,0.0007247830554298034,0.0010217511831418123,0.004184756267523557,0.017410363325302356,150.72046501627386,3856
PCIC,bare PCIC (radius adjustment),lines,0,32,3.125,experiments/baselines/results/pcic_project_smoke_20260813_final/geometry/adjust_radius_lines_N32_case00.json,complete,9.375,2.842241997313977e-10,9.375,,,,,,0
PCIC,bare PCIC (radius adjustment),lines,1,32,3.125,experiments/baselines/results/pcic_project_smoke_20260813_final/geometry/adjust_radius_lines_N32_case01.json,complete,9.679025765050651,0.0018814439939112697,9.679025765050651,,,,,,0
PCIC,bare PCIC (radius adjustment),lines,2,32,3.125,experiments/baselines/results/pcic_project_smoke_20260813_final/geometry/adjust_radius_lines_N32_case02.json,complete,10.69831977448161,0.00041465328332860007,10.69831977448161,,,,,,0
PCIC,bare PCIC (radius adjustment),lines,3,32,3.125,experiments/baselines/results/pcic_project_smoke_20260813_final/geometry/adjust_radius_lines_N32_case03.json,complete,12.860627072617268,0.000560710326291219,12.860627072617268,,,,,,0
PCIC,bare PCIC (radius adjustment),lines,4,32,3.125,experiments/baselines/results/pcic_project_smoke_20260813_final/geometry/adjust_radius_lines_N32_case04.json,complete,11.103478835876718,0.00018044963658743097,11.103478835876718,,,,,,0
PCIC,bare PCIC (radius adjustment),lines,0,64,1.5625,experiments/baselines/results/pcic_project_smoke_20260813_final/geometry/adjust_radius_lines_N64_case00.json,complete,4.687500000000014,8.037659426918253e-11,4.687500000000014,,,,,,0
PCIC,bare PCIC (radius adjustment),lines,1,64,1.5625,experiments/baselines/results/pcic_project_smoke_20260813_final/geometry/adjust_radius_lines_N64_case01.json,complete,4.839558440919031,0.00023398314820956528,4.839558440919031,,,,,,0
PCIC,bare PCIC (radius adjustment),lines,2,64,1.5625,experiments/baselines/results/pcic_project_smoke_20260813_final/geometry/adjust_radius_lines_N64_case02.json,complete,5.349170176742776,0.0006164895787086321,5.349170176742776,,,,,,0
PCIC,bare PCIC (radius adjustment),lines,3,64,1.5625,experiments/baselines/results/pcic_project_smoke_20260813_final/geometry/adjust_radius_lines_N64_case03.json,complete,6.4303124012646915,0.0002993680650148451,6.4303124012646915,,,,,,0
PCIC,bare PCIC (radius adjustment),lines,4,64,1.5625,experiments/baselines/results/pcic_project_smoke_20260813_final/geometry/adjust_radius_lines_N64_case04.json,complete,5.551745444838585,0.00011049600364686103,5.551745444838585,,,,,,0
PCIC,bare PCIC (radius adjustment),lines,0,128,0.78125,experiments/baselines/results/pcic_project_smoke_20260813_final/geometry/adjust_radius_lines_N128_case00.json,complete,2.34375,1.2882139799330616e-11,2.34375,,,,,,0
PCIC,bare PCIC (radius adjustment),lines,1,128,0.78125,experiments/baselines/results/pcic_project_smoke_20260813_final/geometry/adjust_radius_lines_N128_case01.json,complete,2.4197781290517817,0.00016236369466343477,2.4197781290517817,,,,,,0
PCIC,bare PCIC (radius adjustment),lines,2,128,0.78125,experiments/baselines/results/pcic_project_smoke_20260813_final/geometry/adjust_radius_lines_N128_case02.json,complete,2.6745852864884645,0.0003090997359481328,2.6745852864884645,,,,,,0
PCIC,bare PCIC (radius adjustment),lines,3,128,0.78125,experiments/baselines/results/pcic_project_smoke_20260813_final/geometry/adjust_radius_lines_N128_case03.json,complete,3.215157319308762,0.00018403763644423305,3.215157319308762,,,,,,0
PCIC,bare PCIC (radius adjustment),lines,4,128,0.78125,experiments/baselines/results/pcic_project_smoke_20260813_final/geometry/adjust_radius_lines_N128_case04.json,complete,2.7758812132089883,5.4238840409573785e-05,2.7758812132089883,,,,,,0
PCIC,bare PCIC (radius adjustment),squares,0,32,3.125,experiments/baselines/results/pcic_project_smoke_20260813_final/geometry/adjust_radius_squares_N32_case00.json,complete,6.471403325882803,0.43038540074153714,6.471403325882803,,,,,,0
PCIC,bare PCIC (radius adjustment),squares,1,32,3.125,experiments/baselines/results/pcic_project_smoke_20260813_final/geometry/adjust_radius_squares_N32_case01.json,no active reconstructed geometry,,,,,,,,,0
PCIC,bare PCIC (radius adjustment),squares,2,32,3.125,experiments/baselines/results/pcic_project_smoke_20260813_final/geometry/adjust_radius_squares_N32_case02.json,complete,4.692615339915952,0.2519314542042425,4.692615339915952,,,,,,0
PCIC,bare PCIC (radius adjustment),squares,3,32,3.125,experiments/baselines/results/pcic_project_smoke_20260813_final/geometry/adjust_radius_squares_N32_case03.json,complete,4.2597984500700745,0.3555581136995246,4.2597984500700745,,,,,,0
PCIC,bare PCIC (radius adjustment),squares,4,32,3.125,experiments/baselines/results/pcic_project_smoke_20260813_final/geometry/adjust_radius_squares_N32_case04.json,complete,4.152125889456635,0.8224432800806143,4.152125889456635,,,,,,0
PCIC,bare PCIC (radius adjustment),squares,0,64,1.5625,experiments/baselines/results/pcic_project_smoke_20260813_final/geometry/adjust_radius_squares_N64_case00.json,complete,2.182276759651501,0.12053663783316446,2.182276759651501,,,,,,0
PCIC,bare PCIC (radius adjustment),squares,1,64,1.5625,experiments/baselines/results/pcic_project_smoke_20260813_final/geometry/adjust_radius_squares_N64_case01.json,complete,2.620238539309304,0.10946865007510273,2.620238539309304,,,,,,0
PCIC,bare PCIC (radius adjustment),squares,2,64,1.5625,experiments/baselines/results/pcic_project_smoke_20260813_final/geometry/adjust_radius_squares_N64_case02.json,complete,2.364530544175883,0.09202568627293639,2.364530544175883,,,,,,0
PCIC,bare PCIC (radius adjustment),squares,3,64,1.5625,experiments/baselines/results/pcic_project_smoke_20260813_final/geometry/adjust_radius_squares_N64_case03.json,complete,2.707647186862496,0.1861012807207335,2.707647186862496,,,,,,0
PCIC,bare PCIC (radius adjustment),squares,4,64,1.5625,experiments/baselines/results/pcic_project_smoke_20260813_final/geometry/adjust_radius_squares_N64_case04.json,complete,1.704132736044744,0.5639862258168208,1.704132736044744,,,,,,0
PCIC,bare PCIC (radius adjustment),squares,0,128,0.78125,experiments/baselines/results/pcic_project_smoke_20260813_final/geometry/adjust_radius_squares_N128_case00.json,complete,1.134021026713272,0.045353004829350924,1.134021026713272,,,,,,0
PCIC,bare PCIC (radius adjustment),squares,1,128,0.78125,experiments/baselines/results/pcic_project_smoke_20260813_final/geometry/adjust_radius_squares_N128_case01.json,complete,1.067348965461958,0.041760285601057524,1.067348965461958,,,,,,0
PCIC,bare PCIC (radius adjustment),squares,2,128,0.78125,experiments/baselines/results/pcic_project_smoke_20260813_final/geometry/adjust_radius_squares_N128_case02.json,complete,0.6895857216100986,0.06294858115208822,0.6895857216100986,,,,,,0
PCIC,bare PCIC (radius adjustment),squares,3,128,0.78125,experiments/baselines/results/pcic_project_smoke_20260813_final/geometry/adjust_radius_squares_N128_case03.json,complete,1.1310342184518396,0.04041378674165851,1.1310342184518396,,,,,,0
PCIC,bare PCIC (radius adjustment),squares,4,128,0.78125,experiments/baselines/results/pcic_project_smoke_20260813_final/geometry/adjust_radius_squares_N128_case04.json,complete,1.1493492825897307,0.17948118486215245,1.1493492825897307,,,,,,0
PCIC,bare PCIC (radius adjustment),zalesak,0,32,3.125,experiments/baselines/results/pcic_project_smoke_20260813_final/geometry/adjust_radius_zalesak_N32_case00.json,complete,7.234430829274299,0.2615521129485408,7.234430829274299,,,,,,0
PCIC,bare PCIC (radius adjustment),zalesak,1,32,3.125,experiments/baselines/results/pcic_project_smoke_20260813_final/geometry/adjust_radius_zalesak_N32_case01.json,complete,5.906757530068328,1.731740968735773,5.906757530068328,,,,,,0
PCIC,bare PCIC (radius adjustment),zalesak,2,32,3.125,experiments/baselines/results/pcic_project_smoke_20260813_final/geometry/adjust_radius_zalesak_N32_case02.json,complete,8.40611507237735,0.15916118445126165,8.40611507237735,,,,,,0
PCIC,bare PCIC (radius adjustment),zalesak,3,32,3.125,experiments/baselines/results/pcic_project_smoke_20260813_final/geometry/adjust_radius_zalesak_N32_case03.json,complete,7.611687194475199,0.5857729975157243,7.611687194475199,,,,,,0
PCIC,bare PCIC (radius adjustment),zalesak,4,32,3.125,experiments/baselines/results/pcic_project_smoke_20260813_final/geometry/adjust_radius_zalesak_N32_case04.json,complete,8.435167312997889,0.1274891884753882,8.435167312997889,,,,,,0
PCIC,bare PCIC (radius adjustment),zalesak,0,64,1.5625,experiments/baselines/results/pcic_project_smoke_20260813_final/geometry/adjust_radius_zalesak_N64_case00.json,complete,3.313698787152222,0.06391603040643412,3.313698787152222,,,,,,0
PCIC,bare PCIC (radius adjustment),zalesak,1,64,1.5625,experiments/baselines/results/pcic_project_smoke_20260813_final/geometry/adjust_radius_zalesak_N64_case01.json,complete,1.4670825212783885,0.11073971140790966,1.4670825212783885,,,,,,0
PCIC,bare PCIC (radius adjustment),zalesak,2,64,1.5625,experiments/baselines/results/pcic_project_smoke_20260813_final/geometry/adjust_radius_zalesak_N64_case02.json,complete,2.5535312515240203,0.29616637585109623,2.5535312515240203,,,,,,0
PCIC,bare PCIC (radius adjustment),zalesak,3,64,1.5625,experiments/baselines/results/pcic_project_smoke_20260813_final/geometry/adjust_radius_zalesak_N64_case03.json,complete,2.2130970399380954,0.10638100855802303,2.2130970399380954,,,,,,0
PCIC,bare PCIC (radius adjustment),zalesak,4,64,1.5625,experiments/baselines/results/pcic_project_smoke_20260813_final/geometry/adjust_radius_zalesak_N64_case04.json,complete,2.951116573864917,0.31547307040500977,2.951116573864917,,,,,,0
PCIC,bare PCIC (radius adjustment),zalesak,0,128,0.78125,experiments/baselines/results/pcic_project_smoke_20260813_final/geometry/adjust_radius_zalesak_N128_case00.json,complete,1.3672289338861572,0.030432532255554128,1.3672289338861572,,,,,,0
PCIC,bare PCIC (radius adjustment),zalesak,1,128,0.78125,experiments/baselines/results/pcic_project_smoke_20260813_final/geometry/adjust_radius_zalesak_N128_case01.json,complete,1.2987436997163375,0.09443400646486011,1.2987436997163375,,,,,,0
PCIC,bare PCIC (radius adjustment),zalesak,2,128,0.78125,experiments/baselines/results/pcic_project_smoke_20260813_final/geometry/adjust_radius_zalesak_N128_case02.json,complete,1.1225364165272143,0.11021172490363866,1.1225364165272143,,,,,,0
PCIC,bare PCIC (radius adjustment),zalesak,3,128,0.78125,experiments/baselines/results/pcic_project_smoke_20260813_final/geometry/adjust_radius_zalesak_N128_case03.json,complete,1.4112350889446255,0.058152687226923856,1.4112350889446255,,,,,,0
PCIC,bare PCIC (radius adjustment),zalesak,4,128,0.78125,experiments/baselines/results/pcic_project_smoke_20260813_final/geometry/adjust_radius_zalesak_N128_case04.json,complete,0.808305968198859,0.25635832133327907,0.808305968198859,,,,,,0
PLVIRA,PLVIRA,circles,0,32,3.125,experiments/baselines/results/plvira_project_smoke_20260813_final/geometry/circles_N32_case00.json,complete,0.1360617604551244,0.1360617604551244,0.10009015686083708,0.013747370494152571,0.03366243815947879,0.1,0.13747370494152583,62.82850782867408,384
PLVIRA,PLVIRA,circles,1,32,3.125,experiments/baselines/results/plvira_project_smoke_20260813_final/geometry/circles_N32_case01.json,complete,0.1540763054816354,0.1540763054816354,0.11094193934406549,0.017222700931835724,0.037843280155237025,0.1,0.17222700931835708,63.210954858637756,416
PLVIRA,PLVIRA,circles,2,32,3.125,experiments/baselines/results/plvira_project_smoke_20260813_final/geometry/circles_N32_case02.json,complete,0.14609195355108057,0.14609195355108057,0.10657183277714072,0.011892593993237307,0.02949208994422745,0.1,0.11892593993237309,63.00466046590059,416
PLVIRA,PLVIRA,circles,3,32,3.125,experiments/baselines/results/plvira_project_smoke_20260813_final/geometry/circles_N32_case03.json,complete,0.10307178754007786,0.10307178754007786,0.07924893562101626,0.014472865808368837,0.03431700372968068,0.1,0.14472865808368826,62.96545027620013,448
PLVIRA,PLVIRA,circles,4,32,3.125,experiments/baselines/results/plvira_project_smoke_20260813_final/geometry/circles_N32_case04.json,complete,0.127630632999725,0.127630632999725,0.09305590878737996,0.01990196638193433,0.041764767321034166,0.1,0.19901966381934336,63.300887995225324,448
PLVIRA,PLVIRA,circles,0,64,1.5625,experiments/baselines/results/plvira_project_smoke_20260813_final/geometry/circles_N64_case00.json,complete,0.0013661826668244618,0.0013661826668244618,0.0013056309735873775,0.0019974405081771857,0.010669747304155793,0.1,0.019974405081771857,62.82548746858309,800
PLVIRA,PLVIRA,circles,1,64,1.5625,experiments/baselines/results/plvira_project_smoke_20260813_final/geometry/circles_N64_case01.json,complete,0.0005555515799497432,0.0004809128156753323,0.0005555515799497432,0.000983350066262626,0.0011134949093028112,0.0025081494460322123,0.009833500662626268,62.83224758426215,800
PLVIRA,PLVIRA,circles,2,64,1.5625,experiments/baselines/results/plvira_project_smoke_20260813_final/geometry/circles_N64_case02.json,complete,0.0006241813425849438,0.0005506001067530994,0.0006241813425849438,0.0009549650394753777,0.0010915435675311839,0.0030053783722268496,0.00954965039475379,62.83424874794494,800
PLVIRA,PLVIRA,circles,3,64,1.5625,experiments/baselines/results/plvira_project_smoke_20260813_final/geometry/circles_N64_case03.json,complete,0.0006798772538795655,0.0006734580340248186,0.0006798772538795655,0.0009432107156100634,0.0010833567480526619,0.003664166231052257,0.009432107156100643,62.832279721778065,832
PLVIRA,PLVIRA,circles,4,64,1.5625,experiments/baselines/results/plvira_project_smoke_20260813_final/geometry/circles_N64_case04.json,complete,0.0005929059150534067,0.0005929059150534067,0.0005919177250768156,0.0009589320151571499,0.0010930524409434278,0.002973794915702724,0.009589320151571493,62.837056840376874,832
PLVIRA,PLVIRA,circles,0,128,0.78125,experiments/baselines/results/plvira_project_smoke_20260813_final/geometry/circles_N128_case00.json,complete,5.8943035424654605e-05,3.435073565275597e-05,5.8943035424654605e-05,0.00021945369696333634,0.00024223075641088086,0.0005106487942699717,0.002194536969633359,62.83144712335749,1632
PLVIRA,PLVIRA,circles,1,128,0.78125,experiments/baselines/results/plvira_project_smoke_20260813_final/geometry/circles_N128_case01.json,complete,4.416281285526404e-05,4.322239676993145e-05,4.416281285526404e-05,0.00021702624269443125,0.00023965463976199233,0.0005196841624114101,0.0021702624269443103,62.831662013459244,1600
PLVIRA,PLVIRA,circles,2,128,0.78125,experiments/baselines/results/plvira_project_smoke_20260813_final/geometry/circles_N128_case02.json,complete,3.618065834594478e-05,3.171728415764087e-05,3.618065834594478e-05,0.00022679393125423321,0.00025001355501354385,0.00048011112068076234,0.0022679393125423267,62.83186399088837,1632
PLVIRA,PLVIRA,circles,3,128,0.78125,experiments/baselines/results/plvira_project_smoke_20260813_final/geometry/circles_N128_case03.json,complete,4.322640654351093e-05,4.2651757221216396e-05,4.322640654351093e-05,0.00022267881975554597,0.0002452330709633,0.0004938384161234655,0.0022267881975554593,62.83214973026785,1664
PLVIRA,PLVIRA,circles,4,128,0.78125,experiments/baselines/results/plvira_project_smoke_20260813_final/geometry/circles_N128_case04.json,complete,0.00015425389629951172,3.8653469363681504e-05,0.00015425389629951172,0.0002255321890947749,0.0002479278517356067,0.00048242503226170186,0.0022553218909477503,62.83135305600683,1664
PLVIRA,PLVIRA,ellipses,0,32,3.125,experiments/baselines/results/plvira_project_smoke_20260813_final/geometry/ellipses_N32_case00.json,complete,0.2722273913600205,0.2722273913600205,0.15977579819186566,0.020472160436891103,0.0340810114957168,0.1335047888231933,0.5153675245042715,159.23667932896484,1024
PLVIRA,PLVIRA,ellipses,1,32,3.125,experiments/baselines/results/plvira_project_smoke_20260813_final/geometry/ellipses_N32_case01.json,complete,0.11072605209334685,0.11072605209334685,0.09268384730451902,0.00412008289238132,0.013930689919685426,0.08058766745855853,0.10257272151260892,156.40512861103875,992
PLVIRA,PLVIRA,ellipses,2,32,3.125,experiments/baselines/results/plvira_project_smoke_20260813_final/geometry/ellipses_N32_case02.json,complete,0.09343420032061504,0.09343420032061504,0.050897616001336035,0.008842847927778274,0.01766857278700093,0.08801797766113498,0.21720009766990198,154.40844786033958,992
PLVIRA,PLVIRA,ellipses,3,32,3.125,experiments/baselines/results/plvira_project_smoke_20260813_final/geometry/ellipses_N32_case03.json,complete,0.025872561567986008,0.025872561567986008,0.02552544689997163,0.0018861913060492959,0.0029349487599135632,0.012888950376913927,0.04578181810834741,152.59748834134533,960
PLVIRA,PLVIRA,ellipses,4,32,3.125,experiments/baselines/results/plvira_project_smoke_20260813_final/geometry/ellipses_N32_case04.json,complete,0.135449551856483,0.10371028483346341,0.135449551856483,0.017754417008115465,0.027917420801117882,0.10188034102266047,0.4267695110257668,150.7861134114529,992
PLVIRA,PLVIRA,ellipses,0,64,1.5625,experiments/baselines/results/plvira_project_smoke_20260813_final/geometry/ellipses_N64_case00.json,complete,0.10647315683082803,0.10647315683082803,0.07465233868976351,0.017453996799899528,0.06976728367715693,0.42102167975179355,0.44078110165596296,158.7523219922115,2048
PLVIRA,PLVIRA,ellipses,1,64,1.5625,experiments/baselines/results/plvira_project_smoke_20260813_final/geometry/ellipses_N64_case01.json,complete,0.09518314250747807,0.09518314250747807,0.0481277999373212,0.0063004619700402185,0.03665293919175495,0.30731532461240096,0.15686667707598764,156.4861295646623,2016
PLVIRA,PLVIRA,ellipses,2,64,1.5625,experiments/baselines/results/plvira_project_smoke_20260813_final/geometry/ellipses_N64_case02.json,complete,0.11686330357046128,0.11686330357046128,0.07731221265591894,0.02332229118113327,0.05947132972634989,0.32397476273096865,0.5733848626802401,154.371857735683,1984
PLVIRA,PLVIRA,ellipses,3,64,1.5625,experiments/baselines/results/plvira_project_smoke_20260813_final/geometry/ellipses_N64_case03.json,complete,0.016955741932143577,0.016955741932143577,0.015447563366150541,0.002260156583248544,0.009336480218045564,0.08255592951066415,0.05487757193978072,152.56556822309443,1952
PLVIRA,PLVIRA,ellipses,4,64,1.5625,experiments/baselines/results/plvira_project_smoke_20260813_final/geometry/ellipses_N64_case04.json,complete,0.05100540357054508,0.05100540357054508,0.020044657957820743,0.002572494528354532,0.012617635001568324,0.11815243374389829,0.06177510374903669,150.88166486480054,1984
PLVIRA,PLVIRA,ellipses,0,128,0.78125,experiments/baselines/results/plvira_project_smoke_20260813_final/geometry/ellipses_N128_case00.json,complete,0.014424392874878778,0.014424392874878778,0.0071156156304980275,0.003055471556951052,0.015088095243235839,0.13630163290731223,0.07715271120502912,158.66066670036406,4128
PLVIRA,PLVIRA,ellipses,1,128,0.78125,experiments/baselines/results/plvira_project_smoke_20260813_final/geometry/ellipses_N128_case01.json,complete,0.02431595968602401,0.02431595968602401,0.01001939246270971,0.0049621394912797824,0.02693850687644809,0.3354042647864146,0.12354598959032083,156.43831050105166,4032
PLVIRA,PLVIRA,ellipses,2,128,0.78125,experiments/baselines/results/plvira_project_smoke_20260813_final/geometry/ellipses_N128_case02.json,complete,0.05057090511294996,0.05057090511294996,0.02507205159941476,0.018169454084746538,0.08846527444595459,0.7656827324031173,0.44648572159141586,154.4637408324458,3968
PLVIRA,PLVIRA,ellipses,3,128,0.78125,experiments/baselines/results/plvira_project_smoke_20260813_final/geometry/ellipses_N128_case03.json,complete,0.05028959798830136,0.05028959798830136,0.023927850006318887,0.010553689230162432,0.07698121092325552,0.745541719969259,0.2562096096628676,152.5945632405298,3904
PLVIRA,PLVIRA,ellipses,4,128,0.78125,experiments/baselines/results/plvira_project_smoke_20260813_final/geometry/ellipses_N128_case04.json,complete,0.06643940275446843,0.06643940275446843,0.036721584408613804,0.026558337642805522,0.12754922769760846,1.114264395186911,0.6375961268064275,150.94806515432583,3968
PLVIRA,PLVIRA,lines,0,32,3.125,experiments/baselines/results/plvira_project_smoke_20260813_final/geometry/lines_N32_case00.json,complete,3.125,2.207261867256572e-13,3.125,,,,,,0
PLVIRA,PLVIRA,lines,1,32,3.125,experiments/baselines/results/plvira_project_smoke_20260813_final/geometry/lines_N32_case01.json,complete,3.2263620981796817,8.29560452643581e-08,3.2263620981796817,,,,,,0
PLVIRA,PLVIRA,lines,2,32,3.125,experiments/baselines/results/plvira_project_smoke_20260813_final/geometry/lines_N32_case02.json,complete,3.566103140141746,4.469539323295609e-07,3.566103140141746,,,,,,0
PLVIRA,PLVIRA,lines,3,32,3.125,experiments/baselines/results/plvira_project_smoke_20260813_final/geometry/lines_N32_case03.json,complete,8.573757175558342,9.760250721129448e-08,8.573757175558342,,,,,,0
PLVIRA,PLVIRA,lines,4,32,3.125,experiments/baselines/results/plvira_project_smoke_20260813_final/geometry/lines_N32_case04.json,complete,3.701168596734466,7.732151297600816e-07,3.701168596734466,,,,,,0
PLVIRA,PLVIRA,lines,0,64,1.5625,experiments/baselines/results/plvira_project_smoke_20260813_final/geometry/lines_N64_case00.json,complete,1.5625,5.330964962099271e-13,1.5625,,,,,,0
PLVIRA,PLVIRA,lines,1,64,1.5625,experiments/baselines/results/plvira_project_smoke_20260813_final/geometry/lines_N64_case01.json,complete,1.6131810490865452,9.414652443877642e-08,1.6131810490865452,,,,,,0
PLVIRA,PLVIRA,lines,2,64,1.5625,experiments/baselines/results/plvira_project_smoke_20260813_final/geometry/lines_N64_case02.json,complete,1.7830515680930425,1.5287753956139453e-07,1.7830515680930425,,,,,,0
PLVIRA,PLVIRA,lines,3,64,1.5625,experiments/baselines/results/plvira_project_smoke_20260813_final/geometry/lines_N64_case03.json,complete,2.1434392938705304,9.778029671655224e-07,2.1434392938705304,,,,,,0
PLVIRA,PLVIRA,lines,4,64,1.5625,experiments/baselines/results/plvira_project_smoke_20260813_final/geometry/lines_N64_case04.json,complete,1.8505842987660952,2.783854516772732e-07,1.8505842987660952,,,,,,0
PLVIRA,PLVIRA,lines,0,128,0.78125,experiments/baselines/results/plvira_project_smoke_20260813_final/geometry/lines_N128_case00.json,complete,0.78125,5.259936279833752e-13,0.78125,,,,,,0
PLVIRA,PLVIRA,lines,1,128,0.78125,experiments/baselines/results/plvira_project_smoke_20260813_final/geometry/lines_N128_case01.json,complete,0.806590524544574,5.0688545765333663e-08,0.806590524544574,,,,,,0
PLVIRA,PLVIRA,lines,2,128,0.78125,experiments/baselines/results/plvira_project_smoke_20260813_final/geometry/lines_N128_case02.json,complete,0.891525784187717,6.737581518884357e-08,0.891525784187717,,,,,,0
PLVIRA,PLVIRA,lines,3,128,0.78125,experiments/baselines/results/plvira_project_smoke_20260813_final/geometry/lines_N128_case03.json,complete,1.0717196469557189,4.139658744377519e-06,1.0717196469557189,,,,,,0
PLVIRA,PLVIRA,lines,4,128,0.78125,experiments/baselines/results/plvira_project_smoke_20260813_final/geometry/lines_N128_case04.json,complete,0.9252921482365832,1.8598806385429724e-07,0.9252921482365832,,,,,,0
PLVIRA,PLVIRA,squares,0,32,3.125,experiments/baselines/results/plvira_project_smoke_20260813_final/geometry/squares_N32_case00.json,complete,1.9032904132375936,1.9032904132375936,0.7494208320171902,,,,,,0
PLVIRA,PLVIRA,squares,1,32,3.125,experiments/baselines/results/plvira_project_smoke_20260813_final/geometry/squares_N32_case01.json,complete,1.214180999902171,1.214180999902171,0.888285034380827,,,,,,0
PLVIRA,PLVIRA,squares,2,32,3.125,experiments/baselines/results/plvira_project_smoke_20260813_final/geometry/squares_N32_case02.json,complete,1.3101100473553262,1.3101100473553262,0.8701399089934728,,,,,,0
PLVIRA,PLVIRA,squares,3,32,3.125,experiments/baselines/results/plvira_project_smoke_20260813_final/geometry/squares_N32_case03.json,complete,1.1043381013053433,1.1043381013053433,0.9535689591196689,,,,,,0
PLVIRA,PLVIRA,squares,4,32,3.125,experiments/baselines/results/plvira_project_smoke_20260813_final/geometry/squares_N32_case04.json,complete,0.9363777919786997,0.9363777919786997,0.9138970984704251,,,,,,0
PLVIRA,PLVIRA,squares,0,64,1.5625,experiments/baselines/results/plvira_project_smoke_20260813_final/geometry/squares_N64_case00.json,complete,0.4567712937024489,0.4567712937024489,0.3866148926978409,,,,,,0
PLVIRA,PLVIRA,squares,1,64,1.5625,experiments/baselines/results/plvira_project_smoke_20260813_final/geometry/squares_N64_case01.json,complete,0.7336905335621161,0.7336905335621161,0.4492213952703668,,,,,,0
PLVIRA,PLVIRA,squares,2,64,1.5625,experiments/baselines/results/plvira_project_smoke_20260813_final/geometry/squares_N64_case02.json,complete,0.5247288237963338,0.5247288237963338,0.4188105125835911,,,,,,0
PLVIRA,PLVIRA,squares,3,64,1.5625,experiments/baselines/results/plvira_project_smoke_20260813_final/geometry/squares_N64_case03.json,complete,0.636379498047588,0.636379498047588,0.38711310969526935,,,,,,0
PLVIRA,PLVIRA,squares,4,64,1.5625,experiments/baselines/results/plvira_project_smoke_20260813_final/geometry/squares_N64_case04.json,complete,0.6778545385792784,0.6778545385792784,0.3966523819021209,,,,,,0
PLVIRA,PLVIRA,squares,0,128,0.78125,experiments/baselines/results/plvira_project_smoke_20260813_final/geometry/squares_N128_case00.json,complete,0.24046060938268513,0.24046060938268513,0.18329564942893284,,,,,,0
PLVIRA,PLVIRA,squares,1,128,0.78125,experiments/baselines/results/plvira_project_smoke_20260813_final/geometry/squares_N128_case01.json,complete,0.29110272780487734,0.29110272780487734,0.2525852311663863,,,,,,0
PLVIRA,PLVIRA,squares,2,128,0.78125,experiments/baselines/results/plvira_project_smoke_20260813_final/geometry/squares_N128_case02.json,complete,0.27869115639650777,0.27869115639650777,0.2216241597599851,,,,,,0
PLVIRA,PLVIRA,squares,3,128,0.78125,experiments/baselines/results/plvira_project_smoke_20260813_final/geometry/squares_N128_case03.json,complete,0.29597985654541936,0.29597985654541936,0.1680430000792755,,,,,,0
PLVIRA,PLVIRA,squares,4,128,0.78125,experiments/baselines/results/plvira_project_smoke_20260813_final/geometry/squares_N128_case04.json,complete,0.2511411847477823,0.21891455636694643,0.2511411847477823,,,,,,0
PLVIRA,PLVIRA,zalesak,0,32,3.125,experiments/baselines/results/plvira_project_smoke_20260813_final/geometry/zalesak_N32_case00.json,complete,2.4529810622127726,2.4529810622127726,0.9989806441772827,,,,,,0
PLVIRA,PLVIRA,zalesak,1,32,3.125,experiments/baselines/results/plvira_project_smoke_20260813_final/geometry/zalesak_N32_case01.json,complete,1.3877758472643194,1.3877758472643194,1.1095457244077467,,,,,,0
PLVIRA,PLVIRA,zalesak,2,32,3.125,experiments/baselines/results/plvira_project_smoke_20260813_final/geometry/zalesak_N32_case02.json,complete,1.8280058954054554,1.8280058954054554,0.9032668049219323,,,,,,0
PLVIRA,PLVIRA,zalesak,3,32,3.125,experiments/baselines/results/plvira_project_smoke_20260813_final/geometry/zalesak_N32_case03.json,complete,1.348739167703465,1.348739167703465,1.2791073271895406,,,,,,0
PLVIRA,PLVIRA,zalesak,4,32,3.125,experiments/baselines/results/plvira_project_smoke_20260813_final/geometry/zalesak_N32_case04.json,complete,2.041877701859207,2.041877701859207,1.058619997712493,,,,,,0
PLVIRA,PLVIRA,zalesak,0,64,1.5625,experiments/baselines/results/plvira_project_smoke_20260813_final/geometry/zalesak_N64_case00.json,complete,0.6394342759069698,0.6394342759069698,0.45694713675091864,,,,,,0
PLVIRA,PLVIRA,zalesak,1,64,1.5625,experiments/baselines/results/plvira_project_smoke_20260813_final/geometry/zalesak_N64_case01.json,complete,0.6069359337660912,0.6069359337660912,0.40338116987422845,,,,,,0
PLVIRA,PLVIRA,zalesak,2,64,1.5625,experiments/baselines/results/plvira_project_smoke_20260813_final/geometry/zalesak_N64_case02.json,complete,0.9718520181113192,0.9718520181113192,0.5314792079970356,,,,,,0
PLVIRA,PLVIRA,zalesak,3,64,1.5625,experiments/baselines/results/plvira_project_smoke_20260813_final/geometry/zalesak_N64_case03.json,complete,0.726801106113371,0.726801106113371,0.563803730814905,,,,,,0
PLVIRA,PLVIRA,zalesak,4,64,1.5625,experiments/baselines/results/plvira_project_smoke_20260813_final/geometry/zalesak_N64_case04.json,complete,0.9208963508638683,0.9208963508638683,0.6405881586387266,,,,,,0
PLVIRA,PLVIRA,zalesak,0,128,0.78125,experiments/baselines/results/plvira_project_smoke_20260813_final/geometry/zalesak_N128_case00.json,complete,0.30355527069244165,0.30355527069244165,0.28196847411702763,,,,,,0
PLVIRA,PLVIRA,zalesak,1,128,0.78125,experiments/baselines/results/plvira_project_smoke_20260813_final/geometry/zalesak_N128_case01.json,complete,0.2496443259435938,0.22403917749261104,0.2496443259435938,,,,,,0
PLVIRA,PLVIRA,zalesak,2,128,0.78125,experiments/baselines/results/plvira_project_smoke_20260813_final/geometry/zalesak_N128_case02.json,complete,0.3516375883055375,0.3516375883055375,0.23947802492649825,,,,,,0
PLVIRA,PLVIRA,zalesak,3,128,0.78125,experiments/baselines/results/plvira_project_smoke_20260813_final/geometry/zalesak_N128_case03.json,complete,0.2794418641592904,0.23547544953325275,0.2794418641592904,,,,,,0
PLVIRA,PLVIRA,zalesak,4,128,0.78125,experiments/baselines/results/plvira_project_smoke_20260813_final/geometry/zalesak_N128_case04.json,complete,0.2771171167980225,0.2771171167980225,0.1742216380424622,,,,,,0
QUASI,QUASI (frozen Cartesian port),circles,0,32,3.125,experiments/baselines/results/quasi_project_smoke_20260813_qa_fixed/geometry/circles_N32_case00.json,complete,0.0033945603341574487,0.0033945603341574487,0.003393743214743012,0.0023233977157110165,0.02964782954924825,0.7202813510291011,0.023233977157110154,62.83205011489328,384
QUASI,QUASI (frozen Cartesian port),circles,1,32,3.125,experiments/baselines/results/quasi_project_smoke_20260813_qa_fixed/geometry/circles_N32_case01.json,complete,0.0007658663995205905,0.0007658663995205905,0.0007658663995175492,0.0009646025286867619,0.001261608863073652,0.009368959000082208,0.009646025286867617,62.831860429826,416
QUASI,QUASI (frozen Cartesian port),circles,2,32,3.125,experiments/baselines/results/quasi_project_smoke_20260813_qa_fixed/geometry/circles_N32_case02.json,complete,1.4313323589515619,1.4313323589515619,0.4702097853225041,0.052915465479418104,0.159662017700925,1.1193824328492687,0.5291546547941802,64.8257102883451,416
QUASI,QUASI (frozen Cartesian port),circles,3,32,3.125,experiments/baselines/results/quasi_project_smoke_20260813_qa_fixed/geometry/circles_N32_case03.json,complete,0.2798702286482647,0.2798702286482647,0.07983384584171757,0.05220378858004804,0.46408102845250626,7.421190392688913,0.52203788580048,63.233339931412345,448
QUASI,QUASI (frozen Cartesian port),circles,4,32,3.125,experiments/baselines/results/quasi_project_smoke_20260813_qa_fixed/geometry/circles_N32_case04.json,complete,1.6028265477903711,1.6028265477903711,0.5356875966606898,0.05990594441976632,0.17704353821448196,1.0213675403998768,0.5990594441976638,64.61371879206365,432
QUASI,QUASI (frozen Cartesian port),circles,0,64,1.5625,experiments/baselines/results/quasi_project_smoke_20260813_qa_fixed/geometry/circles_N64_case00.json,complete,0.02254288281586555,0.02254288281586555,0.008446552903302304,0.0036723083316191085,0.01594766073706116,0.099999999915083,0.036723083316191056,64.39316573714618,784
QUASI,QUASI (frozen Cartesian port),circles,1,64,1.5625,experiments/baselines/results/quasi_project_smoke_20260813_qa_fixed/geometry/circles_N64_case01.json,complete,0.8444463186430428,0.8444463186430428,0.28153542131977494,0.05858787874303096,0.24681987781687303,1.8632193750369068,0.5858787874303099,64.0851365160223,800
QUASI,QUASI (frozen Cartesian port),circles,2,64,1.5625,experiments/baselines/results/quasi_project_smoke_20260813_qa_fixed/geometry/circles_N64_case02.json,complete,0.734988277730507,0.734988277730507,0.25285283861035857,0.05729664714715666,0.2556549124570186,3.2048304585976104,0.5729664714715661,63.85637888712394,800
QUASI,QUASI (frozen Cartesian port),circles,3,64,1.5625,experiments/baselines/results/quasi_project_smoke_20260813_qa_fixed/geometry/circles_N64_case03.json,complete,0.2261616158318235,0.2261616158318235,0.07783920577410115,0.049085665691964514,0.4841825976425933,9.026222269774335,0.4908566569196458,63.13341630202457,832
QUASI,QUASI (frozen Cartesian port),circles,4,64,1.5625,experiments/baselines/results/quasi_project_smoke_20260813_qa_fixed/geometry/circles_N64_case04.json,complete,0.8243693141644493,0.8243693141644493,0.26115018665495043,0.10814961243500529,0.33745330156528325,2.1907543709890507,1.081496124350052,64.96953620787026,816
QUASI,QUASI (frozen Cartesian port),circles,0,128,0.78125,experiments/baselines/results/quasi_project_smoke_20260813_qa_fixed/geometry/circles_N128_case00.json,complete,0.42403952179716453,0.42403952179716453,0.1418132111292136,0.11897439242305319,0.4834433304291872,3.512821002281592,1.189743924230532,64.04711836483078,1632
QUASI,QUASI (frozen Cartesian port),circles,1,128,0.78125,experiments/baselines/results/quasi_project_smoke_20260813_qa_fixed/geometry/circles_N128_case01.json,complete,0.48872426109865486,0.48872426109865486,0.14602694154922782,0.1729549522548903,0.6061681256904913,4.725722639062301,1.7295495225489035,64.80542229591487,1600
QUASI,QUASI (frozen Cartesian port),circles,2,128,0.78125,experiments/baselines/results/quasi_project_smoke_20260813_qa_fixed/geometry/circles_N128_case02.json,complete,0.4682205073298746,0.4682205073298746,0.14701861841651281,0.17390390220772384,0.6065508270807669,4.705289528807773,1.739039022077243,64.68838969475463,1632
QUASI,QUASI (frozen Cartesian port),circles,3,128,0.78125,experiments/baselines/results/quasi_project_smoke_20260813_qa_fixed/geometry/circles_N128_case03.json,complete,0.3905254134781767,0.3905254134781767,0.1819290149262379,0.1483923175598932,0.6856410727478904,6.510780561484113,1.4839231755989328,64.67979556599266,1664
QUASI,QUASI (frozen Cartesian port),circles,4,128,0.78125,experiments/baselines/results/quasi_project_smoke_20260813_qa_fixed/geometry/circles_N128_case04.json,complete,0.4698993724391325,0.4698993724391325,0.14776769099175913,0.12337968542006328,0.4876592224624205,4.101911690180242,1.2337968542006366,64.23417808117989,1648
QUASI,QUASI (frozen Cartesian port),ellipses,0,32,3.125,experiments/baselines/results/quasi_project_smoke_20260813_qa_fixed/geometry/ellipses_N32_case00.json,complete,1.858114644459735,1.858114644459735,0.5910196571765763,0.06619291844577815,0.19462640938823977,1.1162758598991425,1.6860995522777098,166.87263764603043,1024
QUASI,QUASI (frozen Cartesian port),ellipses,1,32,3.125,experiments/baselines/results/quasi_project_smoke_20260813_qa_fixed/geometry/ellipses_N32_case01.json,complete,1.722061657076816,1.722061657076816,0.5554633786953646,0.041254362032559964,0.1455718758860012,3.224992384614227,1.00460914906773,161.51459081377484,992
QUASI,QUASI (frozen Cartesian port),ellipses,2,32,3.125,experiments/baselines/results/quasi_project_smoke_20260813_qa_fixed/geometry/ellipses_N32_case02.json,complete,1.6330164309480684,1.6330164309480684,0.5365973466143009,0.023730909715249233,0.10307715737983104,0.7900718631055845,0.5839397953411258,156.7786246632921,992
QUASI,QUASI (frozen Cartesian port),ellipses,3,32,3.125,experiments/baselines/results/quasi_project_smoke_20260813_qa_fixed/geometry/ellipses_N32_case03.json,complete,1.6176386105869789,1.6176386105869789,0.5469853278140492,0.031593626230887,0.19118000181128073,5.052671230428514,0.7721908920861135,154.90448492967624,960
QUASI,QUASI (frozen Cartesian port),ellipses,4,32,3.125,experiments/baselines/results/quasi_project_smoke_20260813_qa_fixed/geometry/ellipses_N32_case04.json,complete,1.8056006239238,1.8056006239238,0.5869211679617387,0.049307001008064295,0.15496713956280467,1.0207837261699693,1.1920244446773418,155.8474105774634,992
QUASI,QUASI (frozen Cartesian port),ellipses,0,64,1.5625,experiments/baselines/results/quasi_project_smoke_20260813_qa_fixed/geometry/ellipses_N64_case00.json,complete,0.8982253814577202,0.8982253814577202,0.2833330590167367,0.09102324571439273,0.3042168623950725,2.44679716962997,2.291264258003574,163.68186394183695,2048
QUASI,QUASI (frozen Cartesian port),ellipses,1,64,1.5625,experiments/baselines/results/quasi_project_smoke_20260813_qa_fixed/geometry/ellipses_N64_case01.json,complete,0.8732206540599472,0.8732206540599472,0.2742662347166439,0.045532353062791714,0.21591585654782078,2.091115615220849,1.119664853310858,158.8877269804248,2016
QUASI,QUASI (frozen Cartesian port),ellipses,2,64,1.5625,experiments/baselines/results/quasi_project_smoke_20260813_qa_fixed/geometry/ellipses_N64_case02.json,complete,0.98027663771392,0.98027663771392,0.2967844693110879,0.11416681512487992,0.34347360469019506,2.515703532506061,2.7860057428133613,161.79745252654348,1984
QUASI,QUASI (frozen Cartesian port),ellipses,3,64,1.5625,experiments/baselines/results/quasi_project_smoke_20260813_qa_fixed/geometry/ellipses_N64_case03.json,complete,0.8801591869744728,0.8801591869744728,0.2769421243236209,0.10658301444574199,0.6762016890125858,58.16743971147049,2.581969278248587,157.32253304369218,1952
QUASI,QUASI (frozen Cartesian port),ellipses,4,64,1.5625,experiments/baselines/results/quasi_project_smoke_20260813_qa_fixed/geometry/ellipses_N64_case04.json,complete,0.9009796532732733,0.9009796532732733,0.28889267197246427,0.1059441306121169,0.5524405076134573,33.41082143836033,2.567334993544767,155.85433172357577,1984
QUASI,QUASI (frozen Cartesian port),ellipses,0,128,0.78125,experiments/baselines/results/quasi_project_smoke_20260813_qa_fixed/geometry/ellipses_N128_case00.json,complete,0.45856759955137744,0.45856759955137744,0.14109554641938804,0.17927182124052574,1.0060271059785633,94.24993179717558,4.543692585504077,162.65652178547626,4128
QUASI,QUASI (frozen Cartesian port),ellipses,1,128,0.78125,experiments/baselines/results/quasi_project_smoke_20260813_qa_fixed/geometry/ellipses_N128_case01.json,complete,0.4743251589056627,0.4743251589056627,0.14867373362510083,0.20597232185725858,1.143045615012122,134.7904390776076,5.138704338754227,161.41131911770785,4032
QUASI,QUASI (frozen Cartesian port),ellipses,2,128,0.78125,experiments/baselines/results/quasi_project_smoke_20260813_qa_fixed/geometry/ellipses_N128_case02.json,complete,0.4708648736275202,0.4708648736275202,0.14670608718302214,0.15136258988615167,0.5693088375646688,5.702333612166914,3.6786042120157814,158.38647720299605,3968
QUASI,QUASI (frozen Cartesian port),ellipses,3,128,0.78125,experiments/baselines/results/quasi_project_smoke_20260813_qa_fixed/geometry/ellipses_N128_case03.json,complete,0.43155338536475135,0.43155338536475135,0.14149453747996313,0.0962325040274619,1.477465875925525,224.79396185390587,2.3335303340035747,154.27357780553288,3888
QUASI,QUASI (frozen Cartesian port),ellipses,4,128,0.78125,experiments/baselines/results/quasi_project_smoke_20260813_qa_fixed/geometry/ellipses_N128_case04.json,complete,0.4516544594895403,0.4516544594895403,0.14171551940482136,0.26733358168553367,1.5512429558178882,150.94247651584232,6.440632635944065,157.11853537367878,3968
QUASI,QUASI (frozen Cartesian port),lines,0,32,3.125,experiments/baselines/results/quasi_project_smoke_20260813_qa_fixed/geometry/lines_N32_case00.json,complete,1.1378812762316741,1.1378812762316741,0.67541993384913,,,,,,0
QUASI,QUASI (frozen Cartesian port),lines,1,32,3.125,experiments/baselines/results/quasi_project_smoke_20260813_qa_fixed/geometry/lines_N32_case01.json,complete,1.5548572638577982,1.5548572638577982,0.855053965047087,,,,,,0
QUASI,QUASI (frozen Cartesian port),lines,2,32,3.125,experiments/baselines/results/quasi_project_smoke_20260813_qa_fixed/geometry/lines_N32_case02.json,complete,1.798028123105174,1.798028123105174,1.3754232580164736,,,,,,0
QUASI,QUASI (frozen Cartesian port),lines,3,32,3.125,experiments/baselines/results/quasi_project_smoke_20260813_qa_fixed/geometry/lines_N32_case03.json,complete,2.97802241065684,2.97802241065684,1.826471113045527,,,,,,0
QUASI,QUASI (frozen Cartesian port),lines,4,32,3.125,experiments/baselines/results/quasi_project_smoke_20260813_qa_fixed/geometry/lines_N32_case04.json,complete,1.875422474076338,1.875422474076338,1.21668181765385,,,,,,0
QUASI,QUASI (frozen Cartesian port),lines,0,64,1.5625,experiments/baselines/results/quasi_project_smoke_20260813_qa_fixed/geometry/lines_N64_case00.json,complete,0.6169037716010521,0.6169037716010521,0.34311876739444164,,,,,,0
QUASI,QUASI (frozen Cartesian port),lines,1,64,1.5625,experiments/baselines/results/quasi_project_smoke_20260813_qa_fixed/geometry/lines_N64_case01.json,complete,0.7974525665225317,0.7974525665225317,0.4278192052515736,,,,,,0
QUASI,QUASI (frozen Cartesian port),lines,2,64,1.5625,experiments/baselines/results/quasi_project_smoke_20260813_qa_fixed/geometry/lines_N64_case02.json,complete,0.8976335726925677,0.8976335726925677,0.551326991240288,,,,,,0
QUASI,QUASI (frozen Cartesian port),lines,3,64,1.5625,experiments/baselines/results/quasi_project_smoke_20260813_qa_fixed/geometry/lines_N64_case03.json,complete,1.064870277070298,1.064870277070298,0.913809969612815,,,,,,0
QUASI,QUASI (frozen Cartesian port),lines,4,64,1.5625,experiments/baselines/results/quasi_project_smoke_20260813_qa_fixed/geometry/lines_N64_case04.json,complete,0.9455942095314143,0.9455942095314143,0.5470629105027748,,,,,,0
QUASI,QUASI (frozen Cartesian port),lines,0,128,0.78125,experiments/baselines/results/quasi_project_smoke_20260813_qa_fixed/geometry/lines_N128_case00.json,complete,0.24433218673140544,0.24433218673140544,0.16134829952870344,,,,,,0
QUASI,QUASI (frozen Cartesian port),lines,1,128,0.78125,experiments/baselines/results/quasi_project_smoke_20260813_qa_fixed/geometry/lines_N128_case01.json,complete,0.3834846898410235,0.3834846898410235,0.21314972308338764,,,,,,0
QUASI,QUASI (frozen Cartesian port),lines,2,128,0.78125,experiments/baselines/results/quasi_project_smoke_20260813_qa_fixed/geometry/lines_N128_case02.json,complete,0.44861760574215387,0.44861760574215387,0.3663277517725718,,,,,,0
QUASI,QUASI (frozen Cartesian port),lines,3,128,0.78125,experiments/baselines/results/quasi_project_smoke_20260813_qa_fixed/geometry/lines_N128_case03.json,complete,0.5300825790814063,0.5300825790814063,0.45749384980000407,,,,,,0
QUASI,QUASI (frozen Cartesian port),lines,4,128,0.78125,experiments/baselines/results/quasi_project_smoke_20260813_qa_fixed/geometry/lines_N128_case04.json,complete,0.4717549670335659,0.4717549670335659,0.43452140237597836,,,,,,0
QUASI,QUASI (frozen Cartesian port),squares,0,32,3.125,experiments/baselines/results/quasi_project_smoke_20260813_qa_fixed/geometry/squares_N32_case00.json,complete,0.7367972416901314,0.7367972416901314,0.7302771839996114,,,,,,0
QUASI,QUASI (frozen Cartesian port),squares,1,32,3.125,experiments/baselines/results/quasi_project_smoke_20260813_qa_fixed/geometry/squares_N32_case01.json,complete,1.189345181934294,0.4807901014998293,1.189345181934294,,,,,,0
QUASI,QUASI (frozen Cartesian port),squares,2,32,3.125,experiments/baselines/results/quasi_project_smoke_20260813_qa_fixed/geometry/squares_N32_case02.json,complete,1.4610348247316773,1.4610348247316773,0.8294327122232249,,,,,,0
QUASI,QUASI (frozen Cartesian port),squares,3,32,3.125,experiments/baselines/results/quasi_project_smoke_20260813_qa_fixed/geometry/squares_N32_case03.json,complete,2.71463814020872,2.71463814020872,0.7564385032936137,,,,,,0
QUASI,QUASI (frozen Cartesian port),squares,4,32,3.125,experiments/baselines/results/quasi_project_smoke_20260813_qa_fixed/geometry/squares_N32_case04.json,complete,0.8064247487112627,0.7562913306909906,0.8064247487112627,,,,,,0
QUASI,QUASI (frozen Cartesian port),squares,0,64,1.5625,experiments/baselines/results/quasi_project_smoke_20260813_qa_fixed/geometry/squares_N64_case00.json,complete,0.7843705376383648,0.7843705376383648,0.37016402930519166,,,,,,0
QUASI,QUASI (frozen Cartesian port),squares,1,64,1.5625,experiments/baselines/results/quasi_project_smoke_20260813_qa_fixed/geometry/squares_N64_case01.json,complete,1.4885977846948388,1.4885977846948388,0.42993939319730407,,,,,,0
QUASI,QUASI (frozen Cartesian port),squares,2,64,1.5625,experiments/baselines/results/quasi_project_smoke_20260813_qa_fixed/geometry/squares_N64_case02.json,complete,0.7302710937681548,0.7302710937681548,0.35486474511282284,,,,,,0
QUASI,QUASI (frozen Cartesian port),squares,3,64,1.5625,experiments/baselines/results/quasi_project_smoke_20260813_qa_fixed/geometry/squares_N64_case03.json,complete,0.3558908140424365,0.2576752005761041,0.3558908140424365,,,,,,0
QUASI,QUASI (frozen Cartesian port),squares,4,64,1.5625,experiments/baselines/results/quasi_project_smoke_20260813_qa_fixed/geometry/squares_N64_case04.json,complete,0.33653129424690564,0.23946504752544448,0.33653129424690564,,,,,,0
QUASI,QUASI (frozen Cartesian port),squares,0,128,0.78125,experiments/baselines/results/quasi_project_smoke_20260813_qa_fixed/geometry/squares_N128_case00.json,complete,0.6422590283732057,0.6422590283732057,0.14858068451721912,,,,,,0
QUASI,QUASI (frozen Cartesian port),squares,1,128,0.78125,experiments/baselines/results/quasi_project_smoke_20260813_qa_fixed/geometry/squares_N128_case01.json,complete,0.19119266762303197,0.13546182199281473,0.19119266762303197,,,,,,0
QUASI,QUASI (frozen Cartesian port),squares,2,128,0.78125,experiments/baselines/results/quasi_project_smoke_20260813_qa_fixed/geometry/squares_N128_case02.json,complete,0.366065949675587,0.366065949675587,0.130775002265862,,,,,,0
QUASI,QUASI (frozen Cartesian port),squares,3,128,0.78125,experiments/baselines/results/quasi_project_smoke_20260813_qa_fixed/geometry/squares_N128_case03.json,complete,0.35116013350887776,0.35116013350887776,0.12056351471696852,,,,,,0
QUASI,QUASI (frozen Cartesian port),squares,4,128,0.78125,experiments/baselines/results/quasi_project_smoke_20260813_qa_fixed/geometry/squares_N128_case04.json,complete,0.22491632913379286,0.16222605469958992,0.22491632913379286,,,,,,0
QUASI,QUASI (frozen Cartesian port),zalesak,0,32,3.125,experiments/baselines/results/quasi_project_smoke_20260813_qa_fixed/geometry/zalesak_N32_case00.json,complete,0.8423355744036725,0.6041288716913836,0.8423355744036725,,,,,,0
QUASI,QUASI (frozen Cartesian port),zalesak,1,32,3.125,experiments/baselines/results/quasi_project_smoke_20260813_qa_fixed/geometry/zalesak_N32_case01.json,complete,1.7227482964024392,1.7227482964024392,0.9562902624391151,,,,,,0
QUASI,QUASI (frozen Cartesian port),zalesak,2,32,3.125,experiments/baselines/results/quasi_project_smoke_20260813_qa_fixed/geometry/zalesak_N32_case02.json,complete,2.4999999937242654,2.4999999937242654,0.9709200352858379,,,,,,0
QUASI,QUASI (frozen Cartesian port),zalesak,3,32,3.125,experiments/baselines/results/quasi_project_smoke_20260813_qa_fixed/geometry/zalesak_N32_case03.json,complete,1.8856429830138675,1.8856429830138675,0.7418392236194564,,,,,,0
QUASI,QUASI (frozen Cartesian port),zalesak,4,32,3.125,experiments/baselines/results/quasi_project_smoke_20260813_qa_fixed/geometry/zalesak_N32_case04.json,complete,2.5000027869527215,2.5000027869527215,0.9186181942230165,,,,,,0
QUASI,QUASI (frozen Cartesian port),zalesak,0,64,1.5625,experiments/baselines/results/quasi_project_smoke_20260813_qa_fixed/geometry/zalesak_N64_case00.json,complete,0.7499917588131396,0.7499917588131396,0.28772512877735396,,,,,,0
QUASI,QUASI (frozen Cartesian port),zalesak,1,64,1.5625,experiments/baselines/results/quasi_project_smoke_20260813_qa_fixed/geometry/zalesak_N64_case01.json,complete,0.8596090621012996,0.8596090621012996,0.36099007461613614,,,,,,0
QUASI,QUASI (frozen Cartesian port),zalesak,2,64,1.5625,experiments/baselines/results/quasi_project_smoke_20260813_qa_fixed/geometry/zalesak_N64_case02.json,complete,0.9390656711809992,0.9390656711809992,0.3708794255224717,,,,,,0
QUASI,QUASI (frozen Cartesian port),zalesak,3,64,1.5625,experiments/baselines/results/quasi_project_smoke_20260813_qa_fixed/geometry/zalesak_N64_case03.json,complete,0.9357018785525171,0.9357018785525171,0.392704415153663,,,,,,0
QUASI,QUASI (frozen Cartesian port),zalesak,4,64,1.5625,experiments/baselines/results/quasi_project_smoke_20260813_qa_fixed/geometry/zalesak_N64_case04.json,complete,0.8545617069909448,0.8545617069909448,0.4440527386518708,,,,,,0
QUASI,QUASI (frozen Cartesian port),zalesak,0,128,0.78125,experiments/baselines/results/quasi_project_smoke_20260813_qa_fixed/geometry/zalesak_N128_case00.json,complete,0.7358631711326783,0.7358631711326783,0.23792026464702076,,,,,,0
QUASI,QUASI (frozen Cartesian port),zalesak,1,128,0.78125,experiments/baselines/results/quasi_project_smoke_20260813_qa_fixed/geometry/zalesak_N128_case01.json,complete,0.48019586733965636,0.48019586733965636,0.21030245890916147,,,,,,0
QUASI,QUASI (frozen Cartesian port),zalesak,2,128,0.78125,experiments/baselines/results/quasi_project_smoke_20260813_qa_fixed/geometry/zalesak_N128_case02.json,complete,0.47264586320786767,0.47264586320786767,0.19895583951316023,,,,,,0
QUASI,QUASI (frozen Cartesian port),zalesak,3,128,0.78125,experiments/baselines/results/quasi_project_smoke_20260813_qa_fixed/geometry/zalesak_N128_case03.json,complete,0.7915279838010113,0.7915279838010113,0.18217102077946684,,,,,,0
QUASI,QUASI (frozen Cartesian port),zalesak,4,128,0.78125,experiments/baselines/results/quasi_project_smoke_20260813_qa_fixed/geometry/zalesak_N128_case04.json,complete,0.47349937476379766,0.47349937476379766,0.23040507384854822,,,,,,0
