experiment,algo,resolution,wiggle,seed,cells_per_side,case_count,threshold,baseline_hausdorff_median,candidate_hausdorff_median,baseline_hausdorff_p95,candidate_hausdorff_p95,baseline_hausdorff_max,candidate_hausdorff_max,baseline_facet_gap_median,candidate_facet_gap_median,baseline_facet_gap_max,candidate_facet_gap_max,baseline_hausdorff_median_below_threshold,candidate_hausdorff_median_below_threshold,baseline_joint_median_below_threshold,candidate_joint_median_below_threshold,baseline_joint_floor_case_count,candidate_joint_floor_case_count,baseline_all_cases_joint_floor,candidate_all_cases_joint_floor,threshold_outcome,high_resolution
squares,linear+corner,0.5,0,0,50,25,1e-06,7.498974113604897e-10,7.498974113604897e-10,3.1947029785482223e-06,3.1947029785482223e-06,0.012864741476369618,0.012864741476369618,6.215571321512004e-11,6.215571321512004e-11,0.0008184776511505587,0.0008184776511505587,True,True,True,True,23,23,False,False,retained,False
squares,linear+corner,0.5,0.05,0,50,25,1e-06,7.342113105049067e-10,7.342113105049067e-10,0.024632685265369037,0.024632685265369037,0.028191322690597945,0.028191322690597945,9.220375410442624e-11,9.220375410442624e-11,0.005574918083417437,0.005574918083417437,True,True,True,True,22,22,False,False,retained,False
squares,linear+corner,0.5,0.1,0,50,25,1e-06,5.108104392894173e-10,5.108104392894173e-10,0.007896836190968487,0.007896836190968487,0.03844392756411518,0.03844392756411518,4.709077516460827e-11,4.709077516460827e-11,0.0023334313956149236,0.0023334313956149236,True,True,True,True,23,23,False,False,retained,False
squares,linear+corner,0.5,0.2,0,50,25,1e-06,5.22825455844503e-10,5.22825455844503e-10,1.4668222553609141e-08,1.4668222553609141e-08,0.3079462153467391,0.3079462153467391,4.490953401703221e-11,4.490953401703221e-11,2.348724379148819e-10,2.348724379148819e-10,True,True,True,True,24,24,False,False,retained,False
squares,linear+corner,0.5,0.3,0,50,25,1e-06,1.6055848151695946e-09,1.6055848151695946e-09,0.2718367093756264,0.2718367093756264,0.6459553810477648,0.6459553810477648,1.056672432488391e-10,1.056672432488391e-10,0.013863347363052933,0.013863347363052933,True,True,True,True,21,21,False,False,retained,False
squares,linear+corner,0.64,0,0,64,25,1e-06,2.2463188179228633e-09,2.2463188179228633e-09,6.415689330323236e-08,6.415689330323236e-08,1.278098151727775e-07,1.278098151727775e-07,9.37822741454764e-11,9.37822741454764e-11,2.2488302667830348e-09,2.2488302667830348e-09,True,True,True,True,25,25,True,True,retained,False
squares,linear+corner,0.64,0.05,0,64,25,1e-06,1.4227944803897738e-09,1.4227944803897738e-09,1.4797492528674222e-08,1.4797492528674222e-08,5.8896032153735625e-06,5.8896032153735625e-06,9.157693754505216e-11,9.157693754505216e-11,1.3726183441733e-08,1.3726183441733e-08,True,True,True,True,24,24,False,False,retained,False
squares,linear+corner,0.64,0.1,0,64,25,1e-06,1.5467520242209893e-09,1.5467520242209893e-09,1.7290205625967467e-08,1.7290205625967467e-08,1.2811571347800875e-06,1.2811571347800875e-06,9.132820509328343e-11,9.132820509328343e-11,4.440464749409636e-08,4.440464749409636e-08,True,True,True,True,24,24,False,False,retained,False
squares,linear+corner,0.64,0.2,0,64,25,1e-06,1.5774624393732355e-09,1.5774624393732355e-09,1.771735229294822e-07,1.771735229294822e-07,0.0028175488757599195,0.0028175488757599195,1.0498079068498762e-10,1.0498079068498762e-10,0.00014816802136418056,0.00014816802136418056,True,True,True,True,24,24,False,False,retained,False
squares,linear+corner,0.64,0.3,0,64,25,1e-06,2.339386101642044e-09,2.339386101642044e-09,0.15045149638246286,0.15045149638246286,0.5413839290376966,0.5413839290376966,9.192899312979721e-11,9.192899312979721e-11,0.051329846068149984,0.051329846068149984,True,True,True,True,21,21,False,False,retained,False
squares,linear+corner,1,0,0,100,25,1e-06,2.5954237345732843e-09,2.5954237345732843e-09,7.339437231866787e-06,7.339437231866787e-06,0.012862515395725178,0.012862515395725178,8.846989619110403e-11,8.846989619110403e-11,0.0004717463221007954,0.0004717463221007954,True,True,True,True,23,23,False,False,retained,True
squares,linear+corner,1,0.05,0,100,25,1e-06,8.786128192549058e-10,8.786128192549058e-10,1.0557737249696467e-07,1.0557737249696467e-07,1.452987544660672e-06,1.452987544660672e-06,5.785083905194007e-11,5.785083905194007e-11,2.7814474038534347e-09,2.7814474038534347e-09,True,True,True,True,24,24,False,False,retained,True
squares,linear+corner,1,0.1,0,100,25,1e-06,5.411328826036607e-10,5.411328826036607e-10,1.9525635438785693e-08,1.9525635438785693e-08,1.0071112414591227e-07,1.0071112414591227e-07,4.55474803537843e-11,4.55474803537843e-11,3.95581306102097e-09,3.95581306102097e-09,True,True,True,True,25,25,True,True,retained,True
squares,linear+corner,1,0.2,0,100,25,1e-06,1.1560871604304274e-09,1.1560871604304274e-09,8.451521327574276e-06,8.451521327574276e-06,0.02436400749339411,0.02436400749339411,4.6064439218919873e-11,4.6064439218919873e-11,2.5095528703883413e-08,2.5095528703883413e-08,True,True,True,True,23,23,False,False,retained,True
squares,linear+corner,1,0.3,0,100,25,1e-06,3.910792042114396e-10,3.910792042114396e-10,2.7221158546617344e-08,2.7221158546617344e-08,0.24023084567096745,0.24023084567096745,6.216216119133221e-11,6.216216119133221e-11,0.011485437007837841,0.011485437007837841,True,True,True,True,23,23,False,False,retained,True
squares,linear+corner,1.28,0,0,128,25,1e-06,2.1093603072739913e-09,2.1093603072739913e-09,2.907666313962436e-08,2.907666313962436e-08,0.014010168712868757,0.014010168712868757,6.876127072606975e-11,6.876127072606975e-11,0.00031963205672237206,0.00031963205672237206,True,True,True,True,24,24,False,False,retained,True
squares,linear+corner,1.28,0.05,0,128,25,1e-06,1.7866039838609707e-09,1.7866039838609707e-09,2.3037149295294202e-08,2.3037149295294202e-08,0.03440000340799489,0.03440000340799489,6.00685156646557e-11,6.00685156646557e-11,0.0006355206189559894,0.0006355206189559894,True,True,True,True,24,24,False,False,retained,True
squares,linear+corner,1.28,0.1,0,128,25,1e-06,9.283362596790529e-10,9.283362596790529e-10,1.4835165652085808e-08,1.4835165652085808e-08,0.009093271869624123,0.009093271869624123,5.926718032943811e-11,5.926718032943811e-11,0.00022112172010399842,0.00022112172010399842,True,True,True,True,24,24,False,False,retained,True
squares,linear+corner,1.28,0.2,0,128,25,1e-06,9.425274232455942e-10,9.425274232455942e-10,6.491934855088111e-09,6.491934855088111e-09,2.1761866856340172e-08,2.1761866856340172e-08,5.3677389763326335e-11,5.3677389763326335e-11,3.515200874556708e-10,3.515200874556708e-10,True,True,True,True,25,25,True,True,retained,True
squares,linear+corner,1.28,0.3,0,128,25,1e-06,4.7565715692439664e-09,4.7565715692439664e-09,0.003928126914186064,0.003928126914186064,0.34987399911566314,0.34987399911566314,1.845509869275372e-10,1.845509869275372e-10,0.009146147294543775,0.009146147294543775,True,True,True,True,20,20,False,False,retained,True
squares,linear+corner,1.5,0,0,150,25,1e-06,1.4876631410559971e-09,1.4876631410559971e-09,6.972017464104037e-08,6.972017464104037e-08,0.012854291814843367,0.012854291814843367,6.44869802326504e-11,6.44869802326504e-11,0.00032579520141500694,0.00032579520141500694,True,True,True,True,24,24,False,False,retained,True
squares,linear+corner,1.5,0.05,0,150,25,1e-06,1.2796030476012407e-09,1.2796030476012407e-09,0.0030300709491895205,0.0030300709491895205,0.015512451699582696,0.015512451699582696,6.475082333387287e-11,6.475082333387287e-11,0.00037855604216459766,0.00037855604216459766,True,True,True,True,23,23,False,False,retained,True
squares,linear+corner,1.5,0.1,0,150,25,1e-06,1.3365843842101903e-09,1.3365843842101903e-09,0.04935446886983179,0.04935446886983179,0.33850136680078885,0.33850136680078885,6.702759321390645e-11,6.702759321390645e-11,0.007746430938766262,0.007746430938766262,True,True,True,True,22,22,False,False,retained,True
squares,linear+corner,1.5,0.2,0,150,25,1e-06,1.9734474704505175e-09,1.9734474704505175e-09,0.24526154757536378,0.24526154757536378,0.36952867875110385,0.36952867875110385,6.614403334395624e-11,6.614403334395624e-11,0.007207757435272109,0.007207757435272109,True,True,True,True,20,20,False,False,retained,True
squares,linear+corner,1.5,0.3,0,150,25,1e-06,2.3979138181892616e-09,2.3979138181892616e-09,0.29102830237906185,0.29102830237906185,0.40683256756530833,0.40683256756530833,7.257089239470005e-11,7.257089239470005e-11,0.00785539905376755,0.00785539905376755,True,True,True,True,18,18,False,False,retained,True
zalesak,circular+corner,0.5,0,0,50,25,1e-06,0.49038849628602277,0.49038849628602277,0.5978206951165062,0.5978206951165062,0.867654080005658,0.867654080005658,0.010671852196823131,0.01067185219682328,0.021299298215094523,0.021299298215094523,False,False,False,False,2,2,False,False,neither,False
zalesak,circular+corner,0.5,0.05,0,50,25,1e-06,0.48954713255929283,0.48954713255929283,0.6348745712630752,0.6397253156250293,0.6627682088101493,0.6627682088101493,0.011506806321029244,0.011506806321028337,0.021345002413004938,0.031774701493795084,False,False,False,False,2,2,False,False,neither,False
zalesak,circular+corner,0.5,0.1,0,50,25,1e-06,0.489879971231604,0.489879971231604,0.6395788940695755,0.6395788940695755,0.6687443105578236,0.6687443105578236,0.010869534870227902,0.010869534870225081,0.03949175555214609,0.03949175555214594,False,False,False,False,2,2,False,False,neither,False
zalesak,circular+corner,0.5,0.2,0,50,25,1e-06,0.46551052684107397,0.46551052684087635,0.6234166981073326,0.6234166981073326,0.6355584843499347,0.6355584843499347,0.010462396593293833,0.010462396593293833,0.03279117165476425,0.03279117165476425,False,False,False,False,4,4,False,False,neither,False
zalesak,circular+corner,0.5,0.3,0,50,25,1e-06,0.5082813693419475,0.5082813693419475,0.6818541214831294,0.6818541214831294,0.7130667888026715,0.7130667888026715,0.010650268274759012,0.010650268274759012,0.05244165993381333,0.052441659933805694,False,False,False,False,4,4,False,False,neither,False
zalesak,circular+corner,0.64,0,0,64,25,1e-06,0.2995465047785198,0.2995465047785198,0.4527610160194291,0.45276101601940183,1.5258094449333568,1.5258094449331425,0.005859127692025154,0.005859127692025154,0.012379117224682547,0.012379117224682547,False,False,False,False,12,12,False,False,neither,False
zalesak,circular+corner,0.64,0.05,0,64,25,1e-06,7.496311768465931e-08,7.496311768465931e-08,0.4112270243207284,0.4112270243207284,0.44532243285620843,0.4453224328563592,1.2392793189327463e-09,1.2392793189327463e-09,0.009664667107036855,0.009664667107036855,True,True,True,True,13,13,False,False,retained,False
zalesak,circular+corner,0.64,0.1,0,64,25,1e-06,0.26334593157186315,0.26334593157186315,0.4590959785014677,0.4590959785014677,0.5248343720983804,0.5248343720983804,0.004223508405169001,0.004223508405169001,0.012764800967466123,0.012765239919272727,False,False,False,False,12,12,False,False,neither,False
zalesak,circular+corner,0.64,0.2,0,64,25,1e-06,0.22652864549815985,0.22652864549815985,0.5385606672384364,0.5385606672384364,0.5407725222819805,0.5407725222819805,0.004958145602743079,0.0049581456027436195,0.025194220570547658,0.02519422057054983,False,False,False,False,12,12,False,False,neither,False
zalesak,circular+corner,0.64,0.3,0,64,25,1e-06,3.500608437277253e-07,3.500608437277253e-07,0.5346881133240136,0.5346881133240136,0.6324376183022948,0.6324376183022948,3.695492754696103e-09,3.6954924398386888e-09,0.02612639305387831,0.02612639305387831,True,True,True,True,13,13,False,False,retained,False
zalesak,circular+corner,1,0,0,100,25,1e-06,6.009161168663013e-09,6.009161168663013e-09,2.7201707375468184e-07,2.7201707375468184e-07,0.34869476911070346,0.34869476911070346,4.4293179443689977e-10,4.4293179443689977e-10,0.0026248739464305518,0.0026248739464305518,True,True,True,True,24,24,False,False,retained,True
zalesak,circular+corner,1,0.05,0,100,25,1e-06,7.86781286756555e-09,7.86781286756555e-09,1.5963718014706827e-07,1.5963718014706827e-07,1.250708448737943e-05,1.250708448737943e-05,3.839668158075868e-10,3.839668158075868e-10,2.6318336347010743e-08,2.631833652014408e-08,True,True,True,True,24,24,False,False,retained,True
zalesak,circular+corner,1,0.1,0,100,25,1e-06,8.798927158013144e-09,8.798927158013144e-09,2.8752151828873656e-08,2.8752151828873656e-08,7.084945252699981e-08,7.084945252699981e-08,3.4303712293578443e-10,3.4303712293578443e-10,2.1945766882940935e-09,2.1945766882940935e-09,True,True,True,True,25,25,True,True,retained,True
zalesak,circular+corner,1,0.2,0,100,25,1e-06,5.1223201165373685e-09,5.1223201165373685e-09,0.1785719054477389,0.1785719054477389,4.444997380687802,4.444997380687802,3.06648191556058e-10,3.06648191556058e-10,0.050816474004694544,0.050816474004694544,True,True,True,True,22,22,False,False,retained,True
zalesak,circular+corner,1,0.3,0,100,25,1e-06,1.0656435752341173e-08,1.0656435752341173e-08,0.24420970975449935,0.24420970975449935,0.5174955837834698,0.5174955837834698,3.7041216232830086e-10,3.704121745428564e-10,0.007028368653101358,0.007028368652656338,True,True,True,True,20,20,False,False,retained,True
zalesak,circular+corner,1.28,0,0,128,25,1e-06,5.342956299614343e-09,5.342956299614343e-09,4.9890574200731684e-08,4.9890574200731684e-08,5.965653571138319e-08,5.965653571138319e-08,2.4305789993418924e-10,2.4305789993418924e-10,1.2078842604744945e-09,1.2078842604744945e-09,True,True,True,True,25,25,True,True,retained,True
zalesak,circular+corner,1.28,0.05,0,128,25,1e-06,8.176765931011687e-09,8.176765931011687e-09,1.7145028884520334e-08,1.7145028884520334e-08,2.998056558567441e-08,2.998056558567441e-08,3.0888118237481554e-10,3.0888118237481554e-10,6.480431115467525e-10,6.480431115467525e-10,True,True,True,True,25,25,True,True,retained,True
zalesak,circular+corner,1.28,0.1,0,128,25,1e-06,4.223762672950215e-09,4.223762672950215e-09,2.038634577949772e-08,2.038634577949772e-08,0.0006786656968120752,0.0006786656968120752,2.4121502054955953e-10,2.412147430600932e-10,0.00019743850242514687,0.00019743850242410848,True,True,True,True,24,24,False,False,retained,True
zalesak,circular+corner,1.28,0.2,0,128,25,1e-06,6.961839105201761e-09,6.961839105201761e-09,0.07552028956369516,0.07552028956369516,2.1785785395827233,2.1785785395827233,3.387016815331595e-10,3.387016815331595e-10,0.02763791987375596,0.02763791987375596,True,True,True,True,21,21,False,False,retained,True
zalesak,circular+corner,1.28,0.3,0,128,25,1e-06,6.83208221668366e-09,6.83208221668366e-09,0.28869813952781226,0.28869813952781226,1.684171595323782,1.684171595323782,2.667475481913135e-10,2.670462339999604e-10,0.018668062114266224,0.018668062114266224,True,True,True,True,21,21,False,False,retained,True
zalesak,circular+corner,1.5,0,0,150,25,1e-06,5.269034736585491e-09,5.269034736585491e-09,0.04218717271253131,0.04218717271253131,0.2253490121933771,0.2253490121933771,2.589823130826684e-10,2.589823130826684e-10,0.001049011829610893,0.001049011829610893,True,True,True,True,23,23,False,False,retained,True
zalesak,circular+corner,1.5,0.05,0,150,25,1e-06,5.508631772954686e-09,5.508631772954686e-09,2.0716103392714987e-07,2.0716103392714987e-07,0.2262790516966937,0.2262790516966937,2.0699118607350994e-10,2.0699118607350994e-10,0.001075996809735977,0.001075996809735977,True,True,True,True,24,24,False,False,retained,True
zalesak,circular+corner,1.5,0.1,0,150,25,1e-06,5.911996680069981e-09,5.911996680069981e-09,3.324261616199919e-07,3.324261616199919e-07,4.266906614702748e-07,4.266906614702748e-07,2.352581330246062e-10,2.352581330246062e-10,1.9303047506495635e-08,1.9303047506495635e-08,True,True,True,True,25,25,True,True,retained,True
zalesak,circular+corner,1.5,0.2,0,150,25,1e-06,1.019686046299534e-08,1.019686046299534e-08,0.00011791992349566287,0.00011791992349566287,5.10848039779284,5.10848039779284,2.823916340617627e-10,2.823916340617627e-10,0.028233455241793465,0.028233455241793465,True,True,True,True,22,22,False,False,retained,True
zalesak,circular+corner,1.5,0.3,0,150,25,1e-06,7.58116236454498e-09,7.58116236454498e-09,6.93396959046251e-05,6.93396959046251e-05,0.021875168591074967,0.021875168591074967,2.3990636478978977e-10,2.3990611026367234e-10,0.0018668587628919526,0.0018668587628919526,True,True,True,True,21,21,False,False,retained,True
