method,variant,benchmark,case_index,cells_per_side,cell_x,cell_y,status,target_phase_area,reconstructed_phase_area,absolute_area_residual,curvature_estimate,true_curvature,curvature_absolute_error,objective,optimizer_success,ghf_method,diagnostics_json
PLVIRA,PLVIRA,circles,1,64,25,30,reconstructed,0.08007114316653663,0.08007114316653186,4.773959005888173e-15,0.10104907649143784,0.1,0.0010490764914378309,1.6181255768424425e-08,True,height_function,"{""curvature"": 0.10104907649143784, ""curvature_source"": ""cartesian-ghf"", ""ghf_diagnostic"": ""complete three-column height function"", ""ghf_direction"": ""x"", ""ghf_fit_points"": 0, ""ghf_height_points"": 3, ""ghf_independent_points"": 3, ""ghf_method"": ""height_function"", ""interval_count"": 1, ""objective"": 1.6181255768424425e-08, ""optimizer_message"": ""CONVERGENCE: NORM_OF_PROJECTED_GRADIENT_<=_PGTOL"", ""optimizer_success"": true}"
PLVIRA,PLVIRA,circles,1,64,25,31,reconstructed,0.559795214308183,0.5597952143081646,1.84297022087776e-14,0.10096107940492823,0.1,0.0009610794049282195,3.1292830043510825e-08,True,height_function,"{""curvature"": 0.10096107940492823, ""curvature_source"": ""cartesian-ghf"", ""ghf_diagnostic"": ""complete three-column height function"", ""ghf_direction"": ""x"", ""ghf_fit_points"": 0, ""ghf_height_points"": 3, ""ghf_independent_points"": 3, ""ghf_method"": ""height_function"", ""interval_count"": 1, ""objective"": 3.1292830043510825e-08, ""optimizer_message"": ""CONVERGENCE: NORM_OF_PROJECTED_GRADIENT_<=_PGTOL"", ""optimizer_success"": true}"
PLVIRA,PLVIRA,circles,1,64,25,32,reconstructed,0.7636601151931145,0.7636601151841085,9.006018153456807e-12,0.10093421059958732,0.1,0.0009342105995873151,4.146242093173526e-17,True,height_function,"{""curvature"": 0.10093421059958732, ""curvature_source"": ""cartesian-ghf"", ""ghf_diagnostic"": ""complete three-column height function"", ""ghf_direction"": ""x"", ""ghf_fit_points"": 0, ""ghf_height_points"": 3, ""ghf_independent_points"": 3, ""ghf_method"": ""height_function"", ""interval_count"": 1, ""objective"": 4.146242093173526e-17, ""optimizer_message"": ""CONVERGENCE: NORM_OF_PROJECTED_GRADIENT_<=_PGTOL"", ""optimizer_success"": true}"
PLVIRA,PLVIRA,circles,1,64,25,33,reconstructed,0.5824790940574989,0.5824790940575079,8.992806499463768e-15,0.10095802577370909,0.1,0.0009580257737090841,3.733221581697529e-08,True,height_function,"{""curvature"": 0.10095802577370909, ""curvature_source"": ""cartesian-ghf"", ""ghf_diagnostic"": ""complete three-column height function"", ""ghf_direction"": ""x"", ""ghf_fit_points"": 0, ""ghf_height_points"": 3, ""ghf_independent_points"": 3, ""ghf_method"": ""height_function"", ""interval_count"": 1, ""objective"": 3.733221581697529e-08, ""optimizer_message"": ""CONVERGENCE: NORM_OF_PROJECTED_GRADIENT_<=_PGTOL"", ""optimizer_success"": true}"
PLVIRA,PLVIRA,circles,1,64,25,34,reconstructed,0.10023742632387123,0.10023742632386867,2.55351295663786e-15,0.10104172009769971,0.1,0.0010417200976997054,1.2673354543801246e-08,True,height_function,"{""curvature"": 0.10104172009769971, ""curvature_source"": ""cartesian-ghf"", ""ghf_diagnostic"": ""complete three-column height function"", ""ghf_direction"": ""x"", ""ghf_fit_points"": 0, ""ghf_height_points"": 3, ""ghf_independent_points"": 3, ""ghf_method"": ""height_function"", ""interval_count"": 1, ""objective"": 1.2673354543801246e-08, ""optimizer_message"": ""CONVERGENCE: NORM_OF_PROJECTED_GRADIENT_<=_PGTOL"", ""optimizer_success"": true}"
PLVIRA,PLVIRA,circles,1,64,26,28,reconstructed,0.11716936052154647,0.11716936052154608,3.885780586188048e-16,0.10171991013976445,0.1,0.0017199101397644412,7.435557795686312e-07,True,height_function,"{""curvature"": 0.10171991013976445, ""curvature_source"": ""cartesian-ghf"", ""ghf_diagnostic"": ""complete three-column height function"", ""ghf_direction"": ""x"", ""ghf_fit_points"": 0, ""ghf_height_points"": 3, ""ghf_independent_points"": 3, ""ghf_method"": ""height_function"", ""interval_count"": 1, ""objective"": 7.435557795686312e-07, ""optimizer_message"": ""CONVERGENCE: NORM_OF_PROJECTED_GRADIENT_<=_PGTOL"", ""optimizer_success"": true}"
PLVIRA,PLVIRA,circles,1,64,26,29,reconstructed,1.3367015268744744,1.3367015268744762,1.7763568394002505e-15,0.10124216287155503,0.1,0.0012421628715550276,9.01111406373684e-08,True,height_function,"{""curvature"": 0.10124216287155503, ""curvature_source"": ""cartesian-ghf"", ""ghf_diagnostic"": ""complete three-column height function"", ""ghf_direction"": ""x"", ""ghf_fit_points"": 0, ""ghf_height_points"": 3, ""ghf_independent_points"": 3, ""ghf_method"": ""height_function"", ""interval_count"": 1, ""objective"": 9.01111406373684e-08, ""optimizer_message"": ""CONVERGENCE: REL_REDUCTION_OF_F_<=_FACTR*EPSMCH"", ""optimizer_success"": true}"
PLVIRA,PLVIRA,circles,1,64,26,30,reconstructed,2.3161695478444715,2.31616954784447,1.3322676295501878e-15,0.10104907649143784,0.1,0.0010490764914378309,9.526604736201508e-09,True,height_function,"{""curvature"": 0.10104907649143784, ""curvature_source"": ""cartesian-ghf"", ""ghf_diagnostic"": ""complete three-column height function"", ""ghf_direction"": ""x"", ""ghf_fit_points"": 0, ""ghf_height_points"": 3, ""ghf_independent_points"": 3, ""ghf_method"": ""height_function"", ""interval_count"": 1, ""objective"": 9.526604736201508e-09, ""optimizer_message"": ""CONVERGENCE: REL_REDUCTION_OF_F_<=_FACTR*EPSMCH"", ""optimizer_success"": true}"
PLVIRA,PLVIRA,circles,1,64,26,34,reconstructed,2.343202265204988,2.3432022652049875,4.440892098500626e-16,0.10104172009769971,0.1,0.0010417200976997054,1.0419776120730445e-08,True,height_function,"{""curvature"": 0.10104172009769971, ""curvature_source"": ""cartesian-ghf"", ""ghf_diagnostic"": ""complete three-column height function"", ""ghf_direction"": ""x"", ""ghf_fit_points"": 0, ""ghf_height_points"": 3, ""ghf_independent_points"": 3, ""ghf_method"": ""height_function"", ""interval_count"": 1, ""objective"": 1.0419776120730445e-08, ""optimizer_message"": ""CONVERGENCE: NORM_OF_PROJECTED_GRADIENT_<=_PGTOL"", ""optimizer_success"": true}"
PLVIRA,PLVIRA,circles,1,64,26,35,reconstructed,1.4129351127776228,1.4129351127776206,2.220446049250313e-15,0.10122617002474991,0.1,0.001226170024749909,1.0046723474044418e-07,True,height_function,"{""curvature"": 0.10122617002474991, ""curvature_source"": ""cartesian-ghf"", ""ghf_diagnostic"": ""complete three-column height function"", ""ghf_direction"": ""x"", ""ghf_fit_points"": 0, ""ghf_height_points"": 3, ""ghf_independent_points"": 3, ""ghf_method"": ""height_function"", ""interval_count"": 1, ""objective"": 1.0046723474044418e-07, ""optimizer_message"": ""CONVERGENCE: NORM_OF_PROJECTED_GRADIENT_<=_PGTOL"", ""optimizer_success"": true}"
PLVIRA,PLVIRA,circles,1,64,26,36,reconstructed,0.1568345757917102,0.15683457579170829,1.915134717478395e-15,0.10167398258116005,0.1,0.0016739825811600412,6.660041766892525e-07,True,height_function,"{""curvature"": 0.10167398258116005, ""curvature_source"": ""cartesian-ghf"", ""ghf_diagnostic"": ""complete three-column height function"", ""ghf_direction"": ""x"", ""ghf_fit_points"": 0, ""ghf_height_points"": 3, ""ghf_independent_points"": 3, ""ghf_method"": ""height_function"", ""interval_count"": 1, ""objective"": 6.660041766892525e-07, ""optimizer_message"": ""CONVERGENCE: REL_REDUCTION_OF_F_<=_FACTR*EPSMCH"", ""optimizer_success"": true}"
PLVIRA,PLVIRA,circles,1,64,27,27,reconstructed,0.22269641495744796,0.22269641495744796,0.0,0.10251029830705295,0.1,0.0025102983070529467,2.3964138203456765e-06,True,height_function,"{""curvature"": 0.10251029830705295, ""curvature_source"": ""cartesian-ghf"", ""ghf_diagnostic"": ""complete three-column height function"", ""ghf_direction"": ""y"", ""ghf_fit_points"": 0, ""ghf_height_points"": 3, ""ghf_independent_points"": 3, ""ghf_method"": ""height_function"", ""interval_count"": 1, ""objective"": 2.3964138203456765e-06, ""optimizer_message"": ""CONVERGENCE: REL_REDUCTION_OF_F_<=_FACTR*EPSMCH"", ""optimizer_success"": true}"
PLVIRA,PLVIRA,circles,1,64,27,28,reconstructed,2.02595958308042,2.025959583080419,8.881784197001252e-16,0.10171991013976445,0.1,0.0017199101397644412,1.2097414713694298e-07,True,height_function,"{""curvature"": 0.10171991013976445, ""curvature_source"": ""cartesian-ghf"", ""ghf_diagnostic"": ""complete three-column height function"", ""ghf_direction"": ""x"", ""ghf_fit_points"": 0, ""ghf_height_points"": 3, ""ghf_independent_points"": 3, ""ghf_method"": ""height_function"", ""interval_count"": 1, ""objective"": 1.2097414713694298e-07, ""optimizer_message"": ""CONVERGENCE: NORM_OF_PROJECTED_GRADIENT_<=_PGTOL"", ""optimizer_success"": true}"
PLVIRA,PLVIRA,circles,1,64,27,36,reconstructed,2.1016931695946495,2.1016931695946686,1.9095836023552692e-14,0.10167398258116005,0.1,0.0016739825811600412,1.419292948447849e-07,True,height_function,"{""curvature"": 0.10167398258116005, ""curvature_source"": ""cartesian-ghf"", ""ghf_diagnostic"": ""complete three-column height function"", ""ghf_direction"": ""x"", ""ghf_fit_points"": 0, ""ghf_height_points"": 3, ""ghf_independent_points"": 3, ""ghf_method"": ""height_function"", ""interval_count"": 1, ""objective"": 1.419292948447849e-07, ""optimizer_message"": ""CONVERGENCE: REL_REDUCTION_OF_F_<=_FACTR*EPSMCH"", ""optimizer_success"": true}"
PLVIRA,PLVIRA,circles,1,64,27,37,reconstructed,0.28989434697672944,0.28989434697672894,4.996003610813204e-16,0.10251029830703867,0.1,0.0025102983070386664,2.31261038211211e-06,True,height_function,"{""curvature"": 0.10251029830703867, ""curvature_source"": ""cartesian-ghf"", ""ghf_diagnostic"": ""complete three-column height function"", ""ghf_direction"": ""y"", ""ghf_fit_points"": 0, ""ghf_height_points"": 3, ""ghf_independent_points"": 3, ""ghf_method"": ""height_function"", ""interval_count"": 1, ""objective"": 2.31261038211211e-06, ""optimizer_message"": ""CONVERGENCE: NORM_OF_PROJECTED_GRADIENT_<=_PGTOL"", ""optimizer_success"": true}"
PLVIRA,PLVIRA,circles,1,64,28,26,reconstructed,0.014124633203310033,0.014124633203309575,4.579669976578771e-16,0.10144237591195905,0.1,0.0014423759119590457,3.084567474689223e-07,True,height_function,"{""curvature"": 0.10144237591195905, ""curvature_source"": ""cartesian-ghf"", ""ghf_diagnostic"": ""complete three-column height function"", ""ghf_direction"": ""y"", ""ghf_fit_points"": 0, ""ghf_height_points"": 3, ""ghf_independent_points"": 3, ""ghf_method"": ""height_function"", ""interval_count"": 1, ""objective"": 3.084567474689223e-07, ""optimizer_message"": ""CONVERGENCE: NORM_OF_PROJECTED_GRADIENT_<=_PGTOL"", ""optimizer_success"": true}"
PLVIRA,PLVIRA,circles,1,64,28,27,reconstructed,1.8508128794001164,1.8508128794001093,7.105427357601002e-15,0.10144237591195905,0.1,0.0014423759119590457,8.328381696415808e-08,True,height_function,"{""curvature"": 0.10144237591195905, ""curvature_source"": ""cartesian-ghf"", ""ghf_diagnostic"": ""complete three-column height function"", ""ghf_direction"": ""y"", ""ghf_fit_points"": 0, ""ghf_height_points"": 3, ""ghf_independent_points"": 3, ""ghf_method"": ""height_function"", ""interval_count"": 1, ""objective"": 8.328381696415808e-08, ""optimizer_message"": ""CONVERGENCE: NORM_OF_PROJECTED_GRADIENT_<=_PGTOL"", ""optimizer_success"": true}"
PLVIRA,PLVIRA,circles,1,64,28,37,reconstructed,1.9663264976063877,1.966326497606388,2.220446049250313e-16,0.1014423759119809,0.1,0.0014423759119808893,9.9232459878538e-08,True,height_function,"{""curvature"": 0.1014423759119809, ""curvature_source"": ""cartesian-ghf"", ""ghf_diagnostic"": ""complete three-column height function"", ""ghf_direction"": ""y"", ""ghf_fit_points"": 0, ""ghf_height_points"": 3, ""ghf_independent_points"": 3, ""ghf_method"": ""height_function"", ""interval_count"": 1, ""objective"": 9.9232459878538e-08, ""optimizer_message"": ""CONVERGENCE: NORM_OF_PROJECTED_GRADIENT_<=_PGTOL"", ""optimizer_success"": true}"
PLVIRA,PLVIRA,circles,1,64,28,38,reconstructed,0.04154253353054216,0.041542533530542824,6.661338147750939e-16,0.1014423759119809,0.1,0.0014423759119808893,3.175766283721477e-07,True,height_function,"{""curvature"": 0.1014423759119809, ""curvature_source"": ""cartesian-ghf"", ""ghf_diagnostic"": ""complete three-column height function"", ""ghf_direction"": ""y"", ""ghf_fit_points"": 0, ""ghf_height_points"": 3, ""ghf_independent_points"": 3, ""ghf_method"": ""height_function"", ""interval_count"": 1, ""objective"": 3.175766283721477e-07, ""optimizer_message"": ""CONVERGENCE: NORM_OF_PROJECTED_GRADIENT_<=_PGTOL"", ""optimizer_success"": true}"
PLVIRA,PLVIRA,circles,1,64,29,26,reconstructed,0.7784846198162576,0.7784846198162699,1.2323475573339238e-14,0.10113699602196236,0.1,0.0011369960219623498,1.6889877785733694e-08,True,height_function,"{""curvature"": 0.10113699602196236, ""curvature_source"": ""cartesian-ghf"", ""ghf_diagnostic"": ""complete three-column height function"", ""ghf_direction"": ""y"", ""ghf_fit_points"": 0, ""ghf_height_points"": 3, ""ghf_independent_points"": 3, ""ghf_method"": ""height_function"", ""interval_count"": 1, ""objective"": 1.6889877785733694e-08, ""optimizer_message"": ""CONVERGENCE: NORM_OF_PROJECTED_GRADIENT_<=_PGTOL"", ""optimizer_success"": true}"
PLVIRA,PLVIRA,circles,1,64,29,38,reconstructed,0.9214161383496311,0.9214161383496198,1.1324274851176597e-14,0.10113699602193935,0.1,0.0011369960219393405,2.6098021152152637e-08,True,height_function,"{""curvature"": 0.10113699602193935, ""curvature_source"": ""cartesian-ghf"", ""ghf_diagnostic"": ""complete three-column height function"", ""ghf_direction"": ""y"", ""ghf_fit_points"": 0, ""ghf_height_points"": 3, ""ghf_independent_points"": 3, ""ghf_method"": ""height_function"", ""interval_count"": 1, ""objective"": 2.6098021152152637e-08, ""optimizer_message"": ""CONVERGENCE: REL_REDUCTION_OF_F_<=_FACTR*EPSMCH"", ""optimizer_success"": true}"
PLVIRA,PLVIRA,circles,1,64,30,26,reconstructed,1.6242871497716163,1.6242871497716083,7.993605777301127e-15,0.10100040125419808,0.1,0.0010004012541980772,1.2017497860358884e-12,True,height_function,"{""curvature"": 0.10100040125419808, ""curvature_source"": ""cartesian-ghf"", ""ghf_diagnostic"": ""complete three-column height function"", ""ghf_direction"": ""y"", ""ghf_fit_points"": 0, ""ghf_height_points"": 3, ""ghf_independent_points"": 3, ""ghf_method"": ""height_function"", ""interval_count"": 1, ""objective"": 1.2017497860358884e-12, ""optimizer_message"": ""CONVERGENCE: NORM_OF_PROJECTED_GRADIENT_<=_PGTOL"", ""optimizer_success"": true}"
PLVIRA,PLVIRA,circles,1,64,30,38,reconstructed,1.7672186683049897,1.7672186683049864,3.3306690738754696e-15,0.1010004012541698,0.1,0.0010004012541697943,1.9240026459656313e-11,True,height_function,"{""curvature"": 0.1010004012541698, ""curvature_source"": ""cartesian-ghf"", ""ghf_diagnostic"": ""complete three-column height function"", ""ghf_direction"": ""y"", ""ghf_fit_points"": 0, ""ghf_height_points"": 3, ""ghf_independent_points"": 3, ""ghf_method"": ""height_function"", ""interval_count"": 1, ""objective"": 1.9240026459656313e-11, ""optimizer_message"": ""CONVERGENCE: NORM_OF_PROJECTED_GRADIENT_<=_PGTOL"", ""optimizer_success"": true}"
PLVIRA,PLVIRA,circles,1,64,31,26,reconstructed,2.0452579214449162,2.045257921444848,6.838973831690964e-14,0.10094256954375215,0.1,0.0009425695437521447,5.351118918650481e-12,True,height_function,"{""curvature"": 0.10094256954375215, ""curvature_source"": ""cartesian-ghf"", ""ghf_diagnostic"": ""complete three-column height function"", ""ghf_direction"": ""y"", ""ghf_fit_points"": 0, ""ghf_height_points"": 3, ""ghf_independent_points"": 3, ""ghf_method"": ""height_function"", ""interval_count"": 1, ""objective"": 5.351118918650481e-12, ""optimizer_message"": ""CONVERGENCE: REL_REDUCTION_OF_F_<=_FACTR*EPSMCH"", ""optimizer_success"": true}"
PLVIRA,PLVIRA,circles,1,64,31,38,reconstructed,2.1881894399784025,2.188189439978447,4.440892098500626e-14,0.10094256954384064,0.1,0.0009425695438406295,1.3126726863074491e-11,True,height_function,"{""curvature"": 0.10094256954384064, ""curvature_source"": ""cartesian-ghf"", ""ghf_diagnostic"": ""complete three-column height function"", ""ghf_direction"": ""y"", ""ghf_fit_points"": 0, ""ghf_height_points"": 3, ""ghf_independent_points"": 3, ""ghf_method"": ""height_function"", ""interval_count"": 1, ""objective"": 1.3126726863074491e-11, ""optimizer_message"": ""CONVERGENCE: NORM_OF_PROJECTED_GRADIENT_<=_PGTOL"", ""optimizer_success"": true}"
PLVIRA,PLVIRA,circles,1,64,32,26,reconstructed,2.076205053431215,2.076205053431192,2.2648549702353193e-14,0.10093854139526579,0.1,0.0009385413952657795,1.7936721008340234e-12,True,height_function,"{""curvature"": 0.10093854139526579, ""curvature_source"": ""cartesian-ghf"", ""ghf_diagnostic"": ""complete three-column height function"", ""ghf_direction"": ""y"", ""ghf_fit_points"": 0, ""ghf_height_points"": 3, ""ghf_independent_points"": 3, ""ghf_method"": ""height_function"", ""interval_count"": 1, ""objective"": 1.7936721008340234e-12, ""optimizer_message"": ""CONVERGENCE: NORM_OF_PROJECTED_GRADIENT_<=_PGTOL"", ""optimizer_success"": true}"
PLVIRA,PLVIRA,circles,1,64,32,38,reconstructed,2.2191365719644747,2.2191365719644676,7.105427357601002e-15,0.10093854139514744,0.1,0.0009385413951474297,4.227678865455762e-12,True,height_function,"{""curvature"": 0.10093854139514744, ""curvature_source"": ""cartesian-ghf"", ""ghf_diagnostic"": ""complete three-column height function"", ""ghf_direction"": ""y"", ""ghf_fit_points"": 0, ""ghf_height_points"": 3, ""ghf_independent_points"": 3, ""ghf_method"": ""height_function"", ""interval_count"": 1, ""objective"": 4.227678865455762e-12, ""optimizer_message"": ""CONVERGENCE: NORM_OF_PROJECTED_GRADIENT_<=_PGTOL"", ""optimizer_success"": true}"
PLVIRA,PLVIRA,circles,1,64,33,26,reconstructed,1.7195290684449847,1.7195290684449906,5.995204332975845e-15,0.10098679928007205,0.1,0.0009867992800720454,6.390885694167976e-12,True,height_function,"{""curvature"": 0.10098679928007205, ""curvature_source"": ""cartesian-ghf"", ""ghf_diagnostic"": ""complete three-column height function"", ""ghf_direction"": ""y"", ""ghf_fit_points"": 0, ""ghf_height_points"": 3, ""ghf_independent_points"": 3, ""ghf_method"": ""height_function"", ""interval_count"": 1, ""objective"": 6.390885694167976e-12, ""optimizer_message"": ""CONVERGENCE: NORM_OF_PROJECTED_GRADIENT_<=_PGTOL"", ""optimizer_success"": true}"
PLVIRA,PLVIRA,circles,1,64,33,38,reconstructed,1.8624605869784716,1.8624605869784838,1.2212453270876722e-14,0.10098679928013002,0.1,0.000986799280130013,4.031238814789282e-11,True,height_function,"{""curvature"": 0.10098679928013002, ""curvature_source"": ""cartesian-ghf"", ""ghf_diagnostic"": ""complete three-column height function"", ""ghf_direction"": ""y"", ""ghf_fit_points"": 0, ""ghf_height_points"": 3, ""ghf_independent_points"": 3, ""ghf_method"": ""height_function"", ""interval_count"": 1, ""objective"": 4.031238814789282e-11, ""optimizer_message"": ""CONVERGENCE: REL_REDUCTION_OF_F_<=_FACTR*EPSMCH"", ""optimizer_success"": true}"
PLVIRA,PLVIRA,circles,1,64,34,26,reconstructed,0.9462635497864351,0.9462635497864542,1.9095836023552692e-14,0.1011073825326726,0.1,0.0011073825326725906,3.2933506262323805e-08,True,height_function,"{""curvature"": 0.1011073825326726, ""curvature_source"": ""cartesian-ghf"", ""ghf_diagnostic"": ""complete three-column height function"", ""ghf_direction"": ""y"", ""ghf_fit_points"": 0, ""ghf_height_points"": 3, ""ghf_independent_points"": 3, ""ghf_method"": ""height_function"", ""interval_count"": 1, ""objective"": 3.2933506262323805e-08, ""optimizer_message"": ""CONVERGENCE: NORM_OF_PROJECTED_GRADIENT_<=_PGTOL"", ""optimizer_success"": true}"
PLVIRA,PLVIRA,circles,1,64,34,38,reconstructed,1.089195068319924,1.0891950683199239,2.220446049250313e-16,0.10110738253259198,0.1,0.0011073825325919745,5.132974057771457e-08,True,height_function,"{""curvature"": 0.10110738253259198, ""curvature_source"": ""cartesian-ghf"", ""ghf_diagnostic"": ""complete three-column height function"", ""ghf_direction"": ""y"", ""ghf_fit_points"": 0, ""ghf_height_points"": 3, ""ghf_independent_points"": 3, ""ghf_method"": ""height_function"", ""interval_count"": 1, ""objective"": 5.132974057771457e-08, ""optimizer_message"": ""CONVERGENCE: NORM_OF_PROJECTED_GRADIENT_<=_PGTOL"", ""optimizer_success"": true}"
PLVIRA,PLVIRA,circles,1,64,35,26,reconstructed,0.06285942187811688,0.06285942187811641,4.718447854656915e-16,0.10137260054803476,0.1,0.001372600548034758,2.2621294875204126e-07,True,height_function,"{""curvature"": 0.10137260054803476, ""curvature_source"": ""cartesian-ghf"", ""ghf_diagnostic"": ""complete three-column height function"", ""ghf_direction"": ""y"", ""ghf_fit_points"": 0, ""ghf_height_points"": 3, ""ghf_independent_points"": 3, ""ghf_method"": ""height_function"", ""interval_count"": 1, ""objective"": 2.2621294875204126e-07, ""optimizer_message"": ""CONVERGENCE: NORM_OF_PROJECTED_GRADIENT_<=_PGTOL"", ""optimizer_success"": true}"
PLVIRA,PLVIRA,circles,1,64,35,27,reconstructed,2.0608808557393195,2.06088085573932,4.440892098500626e-16,0.10137260054803476,0.1,0.001372600548034758,1.125236427725885e-07,True,height_function,"{""curvature"": 0.10137260054803476, ""curvature_source"": ""cartesian-ghf"", ""ghf_diagnostic"": ""complete three-column height function"", ""ghf_direction"": ""y"", ""ghf_fit_points"": 0, ""ghf_height_points"": 3, ""ghf_independent_points"": 3, ""ghf_method"": ""height_function"", ""interval_count"": 1, ""objective"": 1.125236427725885e-07, ""optimizer_message"": ""CONVERGENCE: REL_REDUCTION_OF_F_<=_FACTR*EPSMCH"", ""optimizer_success"": true}"
PLVIRA,PLVIRA,circles,1,64,35,37,reconstructed,2.1533478305803673,2.1533478305803673,0.0,0.10137260054814978,0.1,0.0013726005481497772,1.235090653728805e-07,True,height_function,"{""curvature"": 0.10137260054814978, ""curvature_source"": ""cartesian-ghf"", ""ghf_diagnostic"": ""complete three-column height function"", ""ghf_direction"": ""y"", ""ghf_fit_points"": 0, ""ghf_height_points"": 3, ""ghf_independent_points"": 3, ""ghf_method"": ""height_function"", ""interval_count"": 1, ""objective"": 1.235090653728805e-07, ""optimizer_message"": ""CONVERGENCE: NORM_OF_PROJECTED_GRADIENT_<=_PGTOL"", ""optimizer_success"": true}"
PLVIRA,PLVIRA,circles,1,64,35,38,reconstructed,0.11332396557099811,0.11332396557099794,1.6653345369377348e-16,0.10137260054814978,0.1,0.0013726005481497772,2.0157941636246349e-07,True,height_function,"{""curvature"": 0.10137260054814978, ""curvature_source"": ""cartesian-ghf"", ""ghf_diagnostic"": ""complete three-column height function"", ""ghf_direction"": ""y"", ""ghf_fit_points"": 0, ""ghf_height_points"": 3, ""ghf_independent_points"": 3, ""ghf_method"": ""height_function"", ""interval_count"": 1, ""objective"": 2.0157941636246349e-07, ""optimizer_message"": ""CONVERGENCE: REL_REDUCTION_OF_F_<=_FACTR*EPSMCH"", ""optimizer_success"": true}"
PLVIRA,PLVIRA,circles,1,64,36,27,reconstructed,0.4062870223313056,0.40628702233130487,7.216449660063518e-16,0.10217353861590127,0.1,0.002173538615901263,1.4749670362290738e-06,True,height_function,"{""curvature"": 0.10217353861590127, ""curvature_source"": ""cartesian-ghf"", ""ghf_diagnostic"": ""complete three-column height function"", ""ghf_direction"": ""y"", ""ghf_fit_points"": 0, ""ghf_height_points"": 3, ""ghf_independent_points"": 3, ""ghf_method"": ""height_function"", ""interval_count"": 1, ""objective"": 1.4749670362290738e-06, ""optimizer_message"": ""CONVERGENCE: REL_REDUCTION_OF_F_<=_FACTR*EPSMCH"", ""optimizer_success"": true}"
PLVIRA,PLVIRA,circles,1,64,36,28,reconstructed,2.236555823757768,2.236555823757768,0.0,0.10171991013975992,0.1,0.001719910139759917,2.384454793460261e-07,True,height_function,"{""curvature"": 0.10171991013975992, ""curvature_source"": ""cartesian-ghf"", ""ghf_diagnostic"": ""complete three-column height function"", ""ghf_direction"": ""x"", ""ghf_fit_points"": 0, ""ghf_height_points"": 3, ""ghf_independent_points"": 3, ""ghf_method"": ""height_function"", ""interval_count"": 1, ""objective"": 2.384454793460261e-07, ""optimizer_message"": ""CONVERGENCE: REL_REDUCTION_OF_F_<=_FACTR*EPSMCH"", ""optimizer_success"": true}"
PLVIRA,PLVIRA,circles,1,64,36,36,reconstructed,2.2892427669066864,2.289242766906685,1.3322676295501878e-15,0.10167398258116392,0.1,0.001673982581163913,2.8186275897490126e-07,True,height_function,"{""curvature"": 0.10167398258116392, ""curvature_source"": ""cartesian-ghf"", ""ghf_diagnostic"": ""complete three-column height function"", ""ghf_direction"": ""x"", ""ghf_fit_points"": 0, ""ghf_height_points"": 3, ""ghf_independent_points"": 3, ""ghf_method"": ""height_function"", ""interval_count"": 1, ""objective"": 2.8186275897490126e-07, ""optimizer_message"": ""CONVERGENCE: NORM_OF_PROJECTED_GRADIENT_<=_PGTOL"", ""optimizer_success"": true}"
PLVIRA,PLVIRA,circles,1,64,36,37,reconstructed,0.4965315977160385,0.4965315977160381,3.885780586188048e-16,0.10217353861587275,0.1,0.0021735386158727443,1.4852846217547e-06,True,height_function,"{""curvature"": 0.10217353861587275, ""curvature_source"": ""cartesian-ghf"", ""ghf_diagnostic"": ""complete three-column height function"", ""ghf_direction"": ""y"", ""ghf_fit_points"": 0, ""ghf_height_points"": 3, ""ghf_independent_points"": 3, ""ghf_method"": ""height_function"", ""interval_count"": 1, ""objective"": 1.4852846217547e-06, ""optimizer_message"": ""CONVERGENCE: REL_REDUCTION_OF_F_<=_FACTR*EPSMCH"", ""optimizer_success"": true}"
PLVIRA,PLVIRA,circles,1,64,37,28,reconstructed,0.3002317035574018,0.3002317035574083,6.494804694057166e-15,0.10171991013975992,0.1,0.001719910139759917,7.330156537497594e-07,True,height_function,"{""curvature"": 0.10171991013975992, ""curvature_source"": ""cartesian-ghf"", ""ghf_diagnostic"": ""complete three-column height function"", ""ghf_direction"": ""x"", ""ghf_fit_points"": 0, ""ghf_height_points"": 3, ""ghf_independent_points"": 3, ""ghf_method"": ""height_function"", ""interval_count"": 1, ""objective"": 7.330156537497594e-07, ""optimizer_message"": ""CONVERGENCE: NORM_OF_PROJECTED_GRADIENT_<=_PGTOL"", ""optimizer_success"": true}"
PLVIRA,PLVIRA,circles,1,64,37,29,reconstructed,1.7303601105877924,1.7303601105878026,1.021405182655144e-14,0.10124216287159281,0.1,0.001242162871592803,9.601231193630537e-08,True,height_function,"{""curvature"": 0.10124216287159281, ""curvature_source"": ""cartesian-ghf"", ""ghf_diagnostic"": ""complete three-column height function"", ""ghf_direction"": ""x"", ""ghf_fit_points"": 0, ""ghf_height_points"": 3, ""ghf_independent_points"": 3, ""ghf_method"": ""height_function"", ""interval_count"": 1, ""objective"": 9.601231193630537e-08, ""optimizer_message"": ""CONVERGENCE: NORM_OF_PROJECTED_GRADIENT_<=_PGTOL"", ""optimizer_success"": true}"
PLVIRA,PLVIRA,circles,1,64,37,30,reconstructed,2.43671307281031,2.4367130728103077,2.220446049250313e-15,0.10104907649150165,0.1,0.001049076491501641,1.771035176915496e-08,True,height_function,"{""curvature"": 0.10104907649150165, ""curvature_source"": ""cartesian-ghf"", ""ghf_diagnostic"": ""complete three-column height function"", ""ghf_direction"": ""x"", ""ghf_fit_points"": 0, ""ghf_height_points"": 3, ""ghf_independent_points"": 3, ""ghf_method"": ""height_function"", ""interval_count"": 1, ""objective"": 1.771035176915496e-08, ""optimizer_message"": ""CONVERGENCE: NORM_OF_PROJECTED_GRADIENT_<=_PGTOL"", ""optimizer_success"": true}"
PLVIRA,PLVIRA,circles,1,64,37,34,reconstructed,2.440699146805683,2.4406991468056844,1.3322676295501878e-15,0.10104172009782345,0.1,0.0010417200978234398,1.6039702573316372e-08,True,height_function,"{""curvature"": 0.10104172009782345, ""curvature_source"": ""cartesian-ghf"", ""ghf_diagnostic"": ""complete three-column height function"", ""ghf_direction"": ""x"", ""ghf_fit_points"": 0, ""ghf_height_points"": 3, ""ghf_independent_points"": 3, ""ghf_method"": ""height_function"", ""interval_count"": 1, ""objective"": 1.6039702573316372e-08, ""optimizer_message"": ""CONVERGENCE: NORM_OF_PROJECTED_GRADIENT_<=_PGTOL"", ""optimizer_success"": true}"
PLVIRA,PLVIRA,circles,1,64,37,35,reconstructed,1.8065936964906015,1.806593696490599,2.4424906541753444e-15,0.10122617002467364,0.1,0.0012261700246736368,9.382603509071842e-08,True,height_function,"{""curvature"": 0.10122617002467364, ""curvature_source"": ""cartesian-ghf"", ""ghf_diagnostic"": ""complete three-column height function"", ""ghf_direction"": ""x"", ""ghf_fit_points"": 0, ""ghf_height_points"": 3, ""ghf_independent_points"": 3, ""ghf_method"": ""height_function"", ""interval_count"": 1, ""objective"": 9.382603509071842e-08, ""optimizer_message"": ""CONVERGENCE: REL_REDUCTION_OF_F_<=_FACTR*EPSMCH"", ""optimizer_success"": true}"
PLVIRA,PLVIRA,circles,1,64,37,36,reconstructed,0.36294356219278345,0.3629435621927834,5.551115123125783e-17,0.10167398258116392,0.1,0.001673982581163913,6.006684742828228e-07,True,height_function,"{""curvature"": 0.10167398258116392, ""curvature_source"": ""cartesian-ghf"", ""ghf_diagnostic"": ""complete three-column height function"", ""ghf_direction"": ""x"", ""ghf_fit_points"": 0, ""ghf_height_points"": 3, ""ghf_independent_points"": 3, ""ghf_method"": ""height_function"", ""interval_count"": 1, ""objective"": 6.006684742828228e-07, ""optimizer_message"": ""CONVERGENCE: REL_REDUCTION_OF_F_<=_FACTR*EPSMCH"", ""optimizer_success"": true}"
PLVIRA,PLVIRA,circles,1,64,38,30,reconstructed,0.35318620191391403,0.35318620191392797,1.3933298959045715e-14,0.10104907649150165,0.1,0.001049076491501641,4.056862119350132e-09,True,height_function,"{""curvature"": 0.10104907649150165, ""curvature_source"": ""cartesian-ghf"", ""ghf_diagnostic"": ""complete three-column height function"", ""ghf_direction"": ""x"", ""ghf_fit_points"": 0, ""ghf_height_points"": 3, ""ghf_independent_points"": 3, ""ghf_method"": ""height_function"", ""interval_count"": 1, ""objective"": 4.056862119350132e-09, ""optimizer_message"": ""CONVERGENCE: REL_REDUCTION_OF_F_<=_FACTR*EPSMCH"", ""optimizer_success"": true}"
PLVIRA,PLVIRA,circles,1,64,38,31,reconstructed,0.9534537980210461,0.9534537980210505,4.3298697960381105e-15,0.1009610794047246,0.1,0.0009610794047245907,1.2064000598359193e-08,True,height_function,"{""curvature"": 0.1009610794047246, ""curvature_source"": ""cartesian-ghf"", ""ghf_diagnostic"": ""complete three-column height function"", ""ghf_direction"": ""x"", ""ghf_fit_points"": 0, ""ghf_height_points"": 3, ""ghf_independent_points"": 3, ""ghf_method"": ""height_function"", ""interval_count"": 1, ""objective"": 1.2064000598359193e-08, ""optimizer_message"": ""CONVERGENCE: REL_REDUCTION_OF_F_<=_FACTR*EPSMCH"", ""optimizer_success"": true}"
PLVIRA,PLVIRA,circles,1,64,38,32,reconstructed,1.1573186989064324,1.1573186988940938,1.233857460647414e-11,0.10093421059979558,0.1,0.0009342105997955791,1.4306784529513296e-18,True,height_function,"{""curvature"": 0.10093421059979558, ""curvature_source"": ""cartesian-ghf"", ""ghf_diagnostic"": ""complete three-column height function"", ""ghf_direction"": ""x"", ""ghf_fit_points"": 0, ""ghf_height_points"": 3, ""ghf_independent_points"": 3, ""ghf_method"": ""height_function"", ""interval_count"": 1, ""objective"": 1.4306784529513296e-18, ""optimizer_message"": ""CONVERGENCE: NORM_OF_PROJECTED_GRADIENT_<=_PGTOL"", ""optimizer_success"": true}"
PLVIRA,PLVIRA,circles,1,64,38,33,reconstructed,0.9761376777704758,0.9761376777704732,2.55351295663786e-15,0.10095802577355235,0.1,0.0009580257735523484,2.0187861108474433e-09,True,height_function,"{""curvature"": 0.10095802577355235, ""curvature_source"": ""cartesian-ghf"", ""ghf_diagnostic"": ""complete three-column height function"", ""ghf_direction"": ""x"", ""ghf_fit_points"": 0, ""ghf_height_points"": 3, ""ghf_independent_points"": 3, ""ghf_method"": ""height_function"", ""interval_count"": 1, ""objective"": 2.0187861108474433e-09, ""optimizer_message"": ""CONVERGENCE: NORM_OF_PROJECTED_GRADIENT_<=_PGTOL"", ""optimizer_success"": true}"
PLVIRA,PLVIRA,circles,1,64,38,34,reconstructed,0.3963991284364301,0.39639912843642655,3.552713678800501e-15,0.10104172009782345,0.1,0.0010417200978234398,4.708155507576283e-09,True,height_function,"{""curvature"": 0.10104172009782345, ""curvature_source"": ""cartesian-ghf"", ""ghf_diagnostic"": ""complete three-column height function"", ""ghf_direction"": ""x"", ""ghf_fit_points"": 0, ""ghf_height_points"": 3, ""ghf_independent_points"": 3, ""ghf_method"": ""height_function"", ""interval_count"": 1, ""objective"": 4.708155507576283e-09, ""optimizer_message"": ""CONVERGENCE: REL_REDUCTION_OF_F_<=_FACTR*EPSMCH"", ""optimizer_success"": true}"
