source_run,source_commit,resolution,cell_size,case_index,primitive_count,arc_count,non_arc_count,fallback_non_arc_count,total_true_interval_length,chord_midpoint_equal_facet,chord_midpoint_arc_length_weighted,native_arc_midpoint_equal_facet,native_arc_midpoint_arc_length_weighted,interval_average_equal_facet,interval_average_arc_length_weighted
submission_static_20260731_012430_505aefa45432_perturb_sweep_ellipses_circular_r0p32_w0p0_s0,505aefa454328d4ba34ade5e7247050a0acfc793,32,3.125,0,64,64,0,0,158.7067030998794,0.00043789940757134766,0.00046353702834112483,0.00043736384268000083,0.0004621207341012634,0.0004237845140827731,0.0004470188020140515
submission_static_20260731_012430_505aefa45432_perturb_sweep_ellipses_circular_r0p32_w0p0_s0,505aefa454328d4ba34ade5e7247050a0acfc793,32,3.125,1,62,62,0,0,156.48428692955855,0.0005144067946625074,0.0005437138204470583,0.0005169297446050774,0.0005464259225162861,0.0004981202660868801,0.000523478737149352
submission_static_20260731_012430_505aefa45432_perturb_sweep_ellipses_circular_r0p32_w0p0_s0,505aefa454328d4ba34ade5e7247050a0acfc793,32,3.125,2,62,62,0,0,154.49548078909066,0.0005920642892315237,0.0006392927061403316,0.0005925409582069406,0.0006398064168769459,0.000566206093243962,0.0006066887502312174
submission_static_20260731_012430_505aefa45432_perturb_sweep_ellipses_circular_r0p32_w0p0_s0,505aefa454328d4ba34ade5e7247050a0acfc793,32,3.125,3,60,60,0,0,152.6506301089146,0.0006623653502390365,0.0007147199295005915,0.0006722832584715677,0.000727683524592057,0.0006506413761966163,0.0007018876944902475
submission_static_20260731_012430_505aefa45432_perturb_sweep_ellipses_circular_r0p32_w0p0_s0,505aefa454328d4ba34ade5e7247050a0acfc793,32,3.125,4,62,62,0,0,151.0233401261976,0.0007425554586535371,0.0008767191212438676,0.0007543456718996836,0.0008913784106330932,0.0006838725534308593,0.0007886220824809474
submission_static_20260731_012430_505aefa45432_perturb_sweep_ellipses_circular_r0p32_w0p0_s0,505aefa454328d4ba34ade5e7247050a0acfc793,32,3.125,5,60,60,0,0,149.41759711720542,0.0007548808577397353,0.0008356853090101212,0.0007602011165649831,0.0008418511324530807,0.0007300688059029928,0.0008048007676755949
submission_static_20260731_012430_505aefa45432_perturb_sweep_ellipses_circular_r0p32_w0p0_s0,505aefa454328d4ba34ade5e7247050a0acfc793,32,3.125,6,60,60,0,0,148.06187228079784,0.0009021150845591318,0.0010084905148111094,0.0009026145328338576,0.001007245812385297,0.0008164431642429499,0.0008919619869402548
submission_static_20260731_012430_505aefa45432_perturb_sweep_ellipses_circular_r0p32_w0p0_s0,505aefa454328d4ba34ade5e7247050a0acfc793,32,3.125,7,60,60,0,0,146.68281558226283,0.0010592254717842837,0.0012173385901979256,0.0010754854844464159,0.0012396066862879456,0.0010018680484431745,0.0011423295144567698
submission_static_20260731_012430_505aefa45432_perturb_sweep_ellipses_circular_r0p32_w0p0_s0,505aefa454328d4ba34ade5e7247050a0acfc793,32,3.125,8,62,62,0,0,145.55731800663307,0.0011196681306851533,0.001266354373953004,0.00111303013496731,0.0012558585989811118,0.001063035847252976,0.0011860055591468197
submission_static_20260731_012430_505aefa45432_perturb_sweep_ellipses_circular_r0p32_w0p0_s0,505aefa454328d4ba34ade5e7247050a0acfc793,32,3.125,9,60,60,0,0,144.41455909985663,0.0012987138727243582,0.001560165775101548,0.0012801297927186317,0.0015264384637178046,0.0011380517843805579,0.001330684659840851
submission_static_20260731_012430_505aefa45432_perturb_sweep_ellipses_circular_r0p32_w0p0_s0,505aefa454328d4ba34ade5e7247050a0acfc793,32,3.125,10,58,58,0,0,143.45422393472884,0.0011596293152501549,0.0012149721001756234,0.0011672567513250902,0.0012282738182513543,0.001003058456474784,0.0010330318558642415
submission_static_20260731_012430_505aefa45432_perturb_sweep_ellipses_circular_r0p32_w0p0_s0,505aefa454328d4ba34ade5e7247050a0acfc793,32,3.125,11,58,58,0,0,142.404282623516,0.0015564336004849641,0.0015232194904954077,0.0015853567737759574,0.0015724671536123656,0.0014667780645678686,0.0014466298714602536
submission_static_20260731_012430_505aefa45432_perturb_sweep_ellipses_circular_r0p32_w0p0_s0,505aefa454328d4ba34ade5e7247050a0acfc793,32,3.125,12,60,60,0,0,141.46359534124912,0.0017475957216335383,0.0019124096444408183,0.0017224565924261292,0.001873252214307371,0.0015984707947286952,0.0017264043062722094
submission_static_20260731_012430_505aefa45432_perturb_sweep_ellipses_circular_r0p32_w0p0_s0,505aefa454328d4ba34ade5e7247050a0acfc793,32,3.125,13,56,56,0,0,140.68825967191793,0.0016631379153930034,0.0017702775825873538,0.001689744315493157,0.0018032577133561983,0.0015408750802411598,0.001653014937716865
submission_static_20260731_012430_505aefa45432_perturb_sweep_ellipses_circular_r0p32_w0p0_s0,505aefa454328d4ba34ade5e7247050a0acfc793,32,3.125,14,56,56,0,0,139.8869348100043,0.0019302280977746456,0.0021409284743198888,0.001974519278690464,0.0021942696028849924,0.0017836350692455774,0.0019974157719958602
submission_static_20260731_012430_505aefa45432_perturb_sweep_ellipses_circular_r0p32_w0p0_s0,505aefa454328d4ba34ade5e7247050a0acfc793,32,3.125,15,58,58,0,0,139.14020985654608,0.0018332695575636873,0.0021248790333915596,0.0017981587541605192,0.0020688710632490647,0.0015273696524952906,0.0016968462107373745
submission_static_20260731_012430_505aefa45432_perturb_sweep_ellipses_circular_r0p32_w0p0_s0,505aefa454328d4ba34ade5e7247050a0acfc793,32,3.125,16,54,54,0,0,138.48853109657358,0.002109203321848451,0.0022482485968180984,0.002213058706491144,0.0024064533419149003,0.0019095300528112332,0.0020509596968876476
submission_static_20260731_012430_505aefa45432_perturb_sweep_ellipses_circular_r0p32_w0p0_s0,505aefa454328d4ba34ade5e7247050a0acfc793,32,3.125,17,56,56,0,0,138.06128186289885,0.0028463260624369724,0.0032902797181544093,0.0028571146897605052,0.0033025768590033656,0.002427985431537705,0.0027580765620980963
submission_static_20260731_012430_505aefa45432_perturb_sweep_ellipses_circular_r0p32_w0p0_s0,505aefa454328d4ba34ade5e7247050a0acfc793,32,3.125,18,58,58,0,0,137.430448752559,0.0032160858797942215,0.003965913653979681,0.0032542481114058923,0.0040102489921900715,0.0026641799022882936,0.0031097882743240145
submission_static_20260731_012430_505aefa45432_perturb_sweep_ellipses_circular_r0p32_w0p0_s0,505aefa454328d4ba34ade5e7247050a0acfc793,32,3.125,19,52,52,0,0,136.71294607031336,0.0028613362794678234,0.0028111559596706204,0.0030478389169665407,0.0030395545697114255,0.002422759762641236,0.0022803609720503334
submission_static_20260731_012430_505aefa45432_perturb_sweep_ellipses_circular_r0p32_w0p0_s0,505aefa454328d4ba34ade5e7247050a0acfc793,32,3.125,20,56,56,0,0,136.5407574364359,0.00295227362224521,0.0036873186275971116,0.0030786038139337933,0.0038525773717197993,0.002318118217433451,0.00280061699196884
submission_static_20260731_012430_505aefa45432_perturb_sweep_ellipses_circular_r0p32_w0p0_s0,505aefa454328d4ba34ade5e7247050a0acfc793,32,3.125,21,56,56,0,0,136.07512212604945,0.003734772149550785,0.004670600269267273,0.0038669606197243153,0.004836862962309136,0.0029778376818771096,0.0035678406194772595
submission_static_20260731_012430_505aefa45432_perturb_sweep_ellipses_circular_r0p32_w0p0_s0,505aefa454328d4ba34ade5e7247050a0acfc793,32,3.125,22,52,52,0,0,135.13889269246297,0.003932417256613899,0.004410267137043056,0.004285789156752859,0.004842732286381421,0.003140516601080006,0.003407832101426879
submission_static_20260731_012430_505aefa45432_perturb_sweep_ellipses_circular_r0p32_w0p0_s0,505aefa454328d4ba34ade5e7247050a0acfc793,32,3.125,23,58,58,0,0,134.80292394029044,0.0030756446135784088,0.0038202848001016375,0.003158818451067303,0.003920983571143251,0.002321279289888638,0.002714681713074507
submission_static_20260731_012430_505aefa45432_perturb_sweep_ellipses_circular_r0p32_w0p0_s0,505aefa454328d4ba34ade5e7247050a0acfc793,32,3.125,24,52,52,0,0,134.16619025239305,0.002353881338578633,0.002465220856693632,0.0024983033933833544,0.0026988453529119675,0.002134453680941864,0.0022496497420416237
submission_static_20260731_012430_505aefa45432_perturb_sweep_ellipses_circular_r0p5_w0p0_s0,505aefa454328d4ba34ade5e7247050a0acfc793,50,2.0,0,100,100,0,0,158.67865670944468,0.00025205059021134055,0.00025354889299142254,0.00025339089690480426,0.0002556206441338999,0.000248344057641359,0.00024907948863803924
submission_static_20260731_012430_505aefa45432_perturb_sweep_ellipses_circular_r0p5_w0p0_s0,505aefa454328d4ba34ade5e7247050a0acfc793,50,2.0,1,98,98,0,0,156.45812905903793,0.0003156801277842054,0.0003411496344918148,0.000315864772342893,0.00034135900332259216,0.0003088268573066439,0.0003329629082946267
submission_static_20260731_012430_505aefa45432_perturb_sweep_ellipses_circular_r0p5_w0p0_s0,505aefa454328d4ba34ade5e7247050a0acfc793,50,2.0,2,98,98,0,0,154.44538732567653,0.00037552990136877724,0.00039634862215883815,0.00037714648406116525,0.0003985927136026165,0.00036865297023049937,0.00038763278721798015
submission_static_20260731_012430_505aefa45432_perturb_sweep_ellipses_circular_r0p5_w0p0_s0,505aefa454328d4ba34ade5e7247050a0acfc793,50,2.0,3,96,96,0,0,152.59838935894408,0.00043678660353329185,0.00046948498487460076,0.0004365919672639157,0.0004687032787756745,0.00042535256550124055,0.00045551911997920386
submission_static_20260731_012430_505aefa45432_perturb_sweep_ellipses_circular_r0p5_w0p0_s0,505aefa454328d4ba34ade5e7247050a0acfc793,50,2.0,4,100,100,0,0,150.92530998085675,0.0004927835115674082,0.0005385312171735984,0.0004934581811146407,0.0005393349536820279,0.0004812674941237445,0.0005243319944821496
submission_static_20260731_012430_505aefa45432_perturb_sweep_ellipses_circular_r0p5_w0p0_s0,505aefa454328d4ba34ade5e7247050a0acfc793,50,2.0,5,94,94,0,0,149.362444307387,0.0005152153868260392,0.0005567211614540143,0.0005164711607202991,0.0005582710334257738,0.0004997687238264,0.0005380003237651172
submission_static_20260731_012430_505aefa45432_perturb_sweep_ellipses_circular_r0p5_w0p0_s0,505aefa454328d4ba34ade5e7247050a0acfc793,50,2.0,6,92,92,0,0,147.95099109358594,0.00043272568042297113,0.0004439742571561648,0.000428013427777247,0.00043770548694868833,0.0004036154737599199,0.0004087061888638661
submission_static_20260731_012430_505aefa45432_perturb_sweep_ellipses_circular_r0p5_w0p0_s0,505aefa454328d4ba34ade5e7247050a0acfc793,50,2.0,7,92,92,0,0,146.62676392905954,0.0006497775541409939,0.0006976006983362441,0.0006550356120339442,0.0007047175239534122,0.0006387941265706921,0.0006839473741739055
submission_static_20260731_012430_505aefa45432_perturb_sweep_ellipses_circular_r0p5_w0p0_s0,505aefa454328d4ba34ade5e7247050a0acfc793,50,2.0,8,94,94,0,0,145.44282882268465,0.0005847983801843851,0.0006551042502960843,0.0005965724382592948,0.00067052315352177,0.0005483037552524707,0.0006132453073525581
submission_static_20260731_012430_505aefa45432_perturb_sweep_ellipses_circular_r0p5_w0p0_s0,505aefa454328d4ba34ade5e7247050a0acfc793,50,2.0,9,92,92,0,0,144.3062580774981,0.0006680966430772377,0.0007475413269110162,0.0006783439316233984,0.000762759031109373,0.000615816383457223,0.0006872881944596168
submission_static_20260731_012430_505aefa45432_perturb_sweep_ellipses_circular_r0p5_w0p0_s0,505aefa454328d4ba34ade5e7247050a0acfc793,50,2.0,10,94,94,0,0,143.23761747669207,0.0007694220782541941,0.000872288361152654,0.0007725756552785794,0.0008769553118819825,0.0007433572675737515,0.0008371669731200039
submission_static_20260731_012430_505aefa45432_perturb_sweep_ellipses_circular_r0p5_w0p0_s0,505aefa454328d4ba34ade5e7247050a0acfc793,50,2.0,11,90,90,0,0,142.24948772920723,0.000926108491178103,0.0009766541007441753,0.0009377740150668905,0.0009940408023460198,0.0008898008445492358,0.0009350765403748402
submission_static_20260731_012430_505aefa45432_perturb_sweep_ellipses_circular_r0p5_w0p0_s0,505aefa454328d4ba34ade5e7247050a0acfc793,50,2.0,12,90,90,0,0,141.3444559118761,0.0011406608623091433,0.0012381093713217715,0.0011582322168064453,0.0012661943990777543,0.0010880455293849056,0.0011764011252388207
submission_static_20260731_012430_505aefa45432_perturb_sweep_ellipses_circular_r0p5_w0p0_s0,505aefa454328d4ba34ade5e7247050a0acfc793,50,2.0,13,88,88,0,0,140.48327708820494,0.0008119892327082958,0.0008254087746391611,0.000838870653056431,0.0008611171182614411,0.0007443344218593526,0.0007357215194793882
submission_static_20260731_012430_505aefa45432_perturb_sweep_ellipses_circular_r0p5_w0p0_s0,505aefa454328d4ba34ade5e7247050a0acfc793,50,2.0,14,86,86,0,0,139.69665383229994,0.0008685666473105439,0.0008865463443829565,0.0008789455808832971,0.0008983596612555354,0.0007843102099913157,0.000779247438982057
submission_static_20260731_012430_505aefa45432_perturb_sweep_ellipses_circular_r0p5_w0p0_s0,505aefa454328d4ba34ade5e7247050a0acfc793,50,2.0,15,90,90,0,0,138.9820618907751,0.0012348624182810437,0.0012017677614861734,0.0012238077700732536,0.0011892668691237,0.001162697521674076,0.0011316662725371798
submission_static_20260731_012430_505aefa45432_perturb_sweep_ellipses_circular_r0p5_w0p0_s0,505aefa454328d4ba34ade5e7247050a0acfc793,50,2.0,16,88,88,0,0,138.25222253935726,0.0012482371262284705,0.0013325633195696328,0.0012589715061532556,0.0013508947536447003,0.001186541626070401,0.0012632599841130782
submission_static_20260731_012430_505aefa45432_perturb_sweep_ellipses_circular_r0p5_w0p0_s0,505aefa454328d4ba34ade5e7247050a0acfc793,50,2.0,17,90,90,0,0,137.63279829442368,0.0014611501164569687,0.0018198007962903213,0.0014758265256714538,0.0018354189845378834,0.0012894339530510005,0.0015616543348191188
submission_static_20260731_012430_505aefa45432_perturb_sweep_ellipses_circular_r0p5_w0p0_s0,505aefa454328d4ba34ade5e7247050a0acfc793,50,2.0,18,92,92,0,0,136.97009191519714,0.0014126383662925964,0.001596442892120369,0.0013932075089259754,0.001572204571959753,0.001264307282758456,0.0013906674037335047
submission_static_20260731_012430_505aefa45432_perturb_sweep_ellipses_circular_r0p5_w0p0_s0,505aefa454328d4ba34ade5e7247050a0acfc793,50,2.0,19,86,86,0,0,136.38817864250856,0.0016547282448462696,0.0017907934831023584,0.0016686448409463108,0.0018097801675624687,0.0015114829410833289,0.0015971506508837422
submission_static_20260731_012430_505aefa45432_perturb_sweep_ellipses_circular_r0p5_w0p0_s0,505aefa454328d4ba34ade5e7247050a0acfc793,50,2.0,20,90,90,0,0,135.92212546382314,0.0014583827498355331,0.001526336860646924,0.0014746104095688995,0.001550677283098317,0.0012836883972288256,0.0013308319357598654
submission_static_20260731_012430_505aefa45432_perturb_sweep_ellipses_circular_r0p5_w0p0_s0,505aefa454328d4ba34ade5e7247050a0acfc793,50,2.0,21,90,90,0,0,135.4074973425092,0.001836009849060473,0.002066209210634594,0.0018832370007471767,0.002139457461055494,0.0017078274305895392,0.001926305644158029
submission_static_20260731_012430_505aefa45432_perturb_sweep_ellipses_circular_r0p5_w0p0_s0,505aefa454328d4ba34ade5e7247050a0acfc793,50,2.0,22,82,82,0,0,134.75971287339672,0.0017815560763568153,0.0019443068948103014,0.0018740031894429188,0.0020743665916110525,0.0017615296183513323,0.0019160954088995158
submission_static_20260731_012430_505aefa45432_perturb_sweep_ellipses_circular_r0p5_w0p0_s0,505aefa454328d4ba34ade5e7247050a0acfc793,50,2.0,23,88,88,0,0,134.53026936230083,0.0018634463092479085,0.0019945891088917083,0.0019170000137254846,0.0020655714948614443,0.0016053008718158782,0.0016974318609210642
submission_static_20260731_012430_505aefa45432_perturb_sweep_ellipses_circular_r0p5_w0p0_s0,505aefa454328d4ba34ade5e7247050a0acfc793,50,2.0,24,82,82,0,0,133.90678884278185,0.001588895466375322,0.00166049097940473,0.0017477269447514546,0.001848625224663521,0.0013885678835131633,0.0013940277622923804
submission_static_20260731_012430_505aefa45432_perturb_sweep_ellipses_circular_r0p64_w0p0_s0,505aefa454328d4ba34ade5e7247050a0acfc793,64,1.5625,0,128,128,0,0,158.66699304673148,0.00020519322732376707,0.00021691617550205158,0.0002050000980243053,0.00021661551660088495,0.00020174232216108167,0.0002127393218719123
submission_static_20260731_012430_505aefa45432_perturb_sweep_ellipses_circular_r0p64_w0p0_s0,505aefa454328d4ba34ade5e7247050a0acfc793,64,1.5625,1,126,126,0,0,156.4495643507707,0.0002590873764727224,0.0002685948436743908,0.00025999401689202586,0.00026988605532827885,0.00025700703406254214,0.00026600239992101605
submission_static_20260731_012430_505aefa45432_perturb_sweep_ellipses_circular_r0p64_w0p0_s0,505aefa454328d4ba34ade5e7247050a0acfc793,64,1.5625,2,124,124,0,0,154.4325303401986,0.0002764249079511933,0.00030634085590473657,0.00027737108615718967,0.0003073105226730846,0.00027214427516138477,0.0003011755697071112
submission_static_20260731_012430_505aefa45432_perturb_sweep_ellipses_circular_r0p64_w0p0_s0,505aefa454328d4ba34ade5e7247050a0acfc793,64,1.5625,3,122,122,0,0,152.58244629014817,0.00032439990368426485,0.0003223523286772948,0.00032531166262630404,0.00032376040941077625,0.00032010900970796794,0.00031696932179609314
submission_static_20260731_012430_505aefa45432_perturb_sweep_ellipses_circular_r0p64_w0p0_s0,505aefa454328d4ba34ade5e7247050a0acfc793,64,1.5625,4,124,124,0,0,150.91210499604492,0.00030819525676894024,0.000344443894769046,0.00031172579137231225,0.0003490112414725957,0.0002974316812491938,0.00032854746054476877
submission_static_20260731_012430_505aefa45432_perturb_sweep_ellipses_circular_r0p64_w0p0_s0,505aefa454328d4ba34ade5e7247050a0acfc793,64,1.5625,5,120,120,0,0,149.34385573754435,0.00038274185540911846,0.00040252714618058366,0.0003834757018422135,0.0004034802507144255,0.0003734431450327749,0.0003909566272730909
submission_static_20260731_012430_505aefa45432_perturb_sweep_ellipses_circular_r0p64_w0p0_s0,505aefa454328d4ba34ade5e7247050a0acfc793,64,1.5625,6,120,120,0,0,147.9246759288918,0.00038297276719577396,0.00043558565945541036,0.0003856058637413961,0.00043935337628556284,0.0003651604906303298,0.00041192508521897955
submission_static_20260731_012430_505aefa45432_perturb_sweep_ellipses_circular_r0p64_w0p0_s0,505aefa454328d4ba34ade5e7247050a0acfc793,64,1.5625,7,118,118,0,0,146.58775048944642,0.000529961736390434,0.0006012299458398505,0.0005313233560103875,0.0006031198714558694,0.0005181952498362203,0.0005856750673696206
submission_static_20260731_012430_505aefa45432_perturb_sweep_ellipses_circular_r0p64_w0p0_s0,505aefa454328d4ba34ade5e7247050a0acfc793,64,1.5625,8,122,122,0,0,145.25642367940625,0.001914192132195666,0.002998855916082317,0.0019213779217528476,0.0030084533110262294,0.001899560739524221,0.0029828337208180297
submission_static_20260731_012430_505aefa45432_perturb_sweep_ellipses_circular_r0p64_w0p0_s0,505aefa454328d4ba34ade5e7247050a0acfc793,64,1.5625,9,120,120,0,0,144.25060618498776,0.000539065199216535,0.0006058182910260864,0.0005446769597178755,0.0006137155961768927,0.0005191126876223641,0.0005819083132949142
submission_static_20260731_012430_505aefa45432_perturb_sweep_ellipses_circular_r0p64_w0p0_s0,505aefa454328d4ba34ade5e7247050a0acfc793,64,1.5625,10,116,116,0,0,143.21335156977872,0.00046128121054879814,0.0005036351469513472,0.0004688458363981384,0.000513348768414065,0.00042229783926023235,0.00045443778458238287
submission_static_20260731_012430_505aefa45432_perturb_sweep_ellipses_circular_r0p64_w0p0_s0,505aefa454328d4ba34ade5e7247050a0acfc793,64,1.5625,11,114,114,0,0,142.20830519370935,0.0005859049697648819,0.0005853402104099776,0.0005842253727267747,0.0005835221198580105,0.0005758079354280118,0.0005776198135320266
submission_static_20260731_012430_505aefa45432_perturb_sweep_ellipses_circular_r0p64_w0p0_s0,505aefa454328d4ba34ade5e7247050a0acfc793,64,1.5625,12,116,116,0,0,141.29495190463075,0.0008128728984038744,0.0008875539203599374,0.0008207980637235583,0.0008981409715870182,0.0007828392700141066,0.0008489899198126489
submission_static_20260731_012430_505aefa45432_perturb_sweep_ellipses_circular_r0p64_w0p0_s0,505aefa454328d4ba34ade5e7247050a0acfc793,64,1.5625,13,112,112,0,0,140.4292122429293,0.0007624577227471472,0.0008039997517265339,0.0007630243314195139,0.0008038522522871539,0.0007194454381410954,0.0007507380648692006
submission_static_20260731_012430_505aefa45432_perturb_sweep_ellipses_circular_r0p64_w0p0_s0,505aefa454328d4ba34ade5e7247050a0acfc793,64,1.5625,14,110,110,0,0,139.63423415384727,0.0007920037249055023,0.0008472412640552776,0.0007932823655368573,0.0008484499520285323,0.0007414355795270151,0.000785628425326973
submission_static_20260731_012430_505aefa45432_perturb_sweep_ellipses_circular_r0p64_w0p0_s0,505aefa454328d4ba34ade5e7247050a0acfc793,64,1.5625,15,116,116,0,0,138.88606180338255,0.0008592005409932976,0.0009092198460742615,0.0008515146918639118,0.0008963187937567164,0.0008440758130649216,0.0008842881504162857
submission_static_20260731_012430_505aefa45432_perturb_sweep_ellipses_circular_r0p64_w0p0_s0,505aefa454328d4ba34ade5e7247050a0acfc793,64,1.5625,16,110,110,0,0,138.17276806574156,0.0007683800957577672,0.0008469583803257879,0.0007903658982890665,0.0008815732446893458,0.0007560196237391267,0.0008401362517517552
submission_static_20260731_012430_505aefa45432_perturb_sweep_ellipses_circular_r0p64_w0p0_s0,505aefa454328d4ba34ade5e7247050a0acfc793,64,1.5625,17,114,114,0,0,137.55048016887872,0.0009903662551012684,0.0010025205794424665,0.0009906092428813376,0.001001262971477772,0.000894999351946074,0.0008780215113431721
submission_static_20260731_012430_505aefa45432_perturb_sweep_ellipses_circular_r0p64_w0p0_s0,505aefa454328d4ba34ade5e7247050a0acfc793,64,1.5625,18,116,116,0,0,136.94390987170405,0.0010870917845875517,0.0011781919432173689,0.001096839514207334,0.0011888138708923035,0.0009650187308674067,0.0009826925197104345
submission_static_20260731_012430_505aefa45432_perturb_sweep_ellipses_circular_r0p64_w0p0_s0,505aefa454328d4ba34ade5e7247050a0acfc793,64,1.5625,19,106,106,0,0,136.30205434901288,0.001156800896114061,0.001262689944118464,0.0011658389677681803,0.0012734267151713458,0.0010762602349978026,0.0011642496907930497
submission_static_20260731_012430_505aefa45432_perturb_sweep_ellipses_circular_r0p64_w0p0_s0,505aefa454328d4ba34ade5e7247050a0acfc793,64,1.5625,20,114,114,0,0,135.82504762388615,0.0010674120293456472,0.001298865707374796,0.0010744771152951726,0.0013079207491652675,0.0009550868262322307,0.0011554729489856538
submission_static_20260731_012430_505aefa45432_perturb_sweep_ellipses_circular_r0p64_w0p0_s0,505aefa454328d4ba34ade5e7247050a0acfc793,64,1.5625,21,112,112,0,0,135.35935554164257,0.0012941771058969267,0.0016159005244511596,0.0013592507049892618,0.0016979047749215567,0.0011268860167200797,0.0013716719682145336
submission_static_20260731_012430_505aefa45432_perturb_sweep_ellipses_circular_r0p64_w0p0_s0,505aefa454328d4ba34ade5e7247050a0acfc793,64,1.5625,22,102,102,0,0,134.72090312039936,0.0012770430548440079,0.0012713652228702528,0.0013128602893809143,0.0013111932060028489,0.0011853339510483774,0.001159340810307693
submission_static_20260731_012430_505aefa45432_perturb_sweep_ellipses_circular_r0p64_w0p0_s0,505aefa454328d4ba34ade5e7247050a0acfc793,64,1.5625,23,114,114,0,0,134.31924109742639,0.0013405883536669373,0.0016109388502484458,0.0013357468485859804,0.0016064755996420454,0.0012054042743758033,0.0014336334367745602
submission_static_20260731_012430_505aefa45432_perturb_sweep_ellipses_circular_r0p64_w0p0_s0,505aefa454328d4ba34ade5e7247050a0acfc793,64,1.5625,24,102,102,0,0,133.76465605414677,0.0015268918375886972,0.0016663782207276725,0.001590597850403813,0.00174014556118894,0.0015136150322214213,0.0016638302502219515
submission_static_20260731_012430_505aefa45432_perturb_sweep_ellipses_circular_r1p0_w0p0_s0,505aefa454328d4ba34ade5e7247050a0acfc793,100,1.0,0,202,202,0,0,158.6596557479088,0.0001315310355709881,0.00014184297274432854,0.0001316546201121215,0.00014204458812807914,0.00013063610846959984,0.00014071131887878927
submission_static_20260731_012430_505aefa45432_perturb_sweep_ellipses_circular_r1p0_w0p0_s0,505aefa454328d4ba34ade5e7247050a0acfc793,100,1.0,1,196,196,0,0,156.4403265106481,0.0001518149845920465,0.000155928860333517,0.00015197217583487094,0.00015613852498854152,0.00015044372168363196,0.0001541475024332311
submission_static_20260731_012430_505aefa45432_perturb_sweep_ellipses_circular_r1p0_w0p0_s0,505aefa454328d4ba34ade5e7247050a0acfc793,100,1.0,2,194,194,0,0,154.42003903101198,0.0001768807503285887,0.00018821679884879102,0.00017702349536537386,0.00018841875707559884,0.00017445183041906953,0.00018520599474409403
submission_static_20260731_012430_505aefa45432_perturb_sweep_ellipses_circular_r1p0_w0p0_s0,505aefa454328d4ba34ade5e7247050a0acfc793,100,1.0,3,192,192,0,0,152.57332901994758,0.0002078578656674482,0.0002166169519698943,0.00020794221357158416,0.00021669721064011883,0.00020652535593010886,0.00021489918047202757
submission_static_20260731_012430_505aefa45432_perturb_sweep_ellipses_circular_r1p0_w0p0_s0,505aefa454328d4ba34ade5e7247050a0acfc793,100,1.0,4,196,196,0,0,150.88542162684277,0.00020256950233966836,0.00022041722393343938,0.00020397937709309435,0.0002222887226087732,0.00020017853203898654,0.00021748948612561791
submission_static_20260731_012430_505aefa45432_perturb_sweep_ellipses_circular_r1p0_w0p0_s0,505aefa454328d4ba34ade5e7247050a0acfc793,100,1.0,5,188,188,0,0,149.3237399872763,0.0002719904693933623,0.0003100291174454637,0.0002714932131109702,0.00030923493719675214,0.0002673642147034012,0.00030409552890909094
submission_static_20260731_012430_505aefa45432_perturb_sweep_ellipses_circular_r1p0_w0p0_s0,505aefa454328d4ba34ade5e7247050a0acfc793,100,1.0,6,188,188,0,0,147.89710314195983,0.00024192494982557008,0.0002596444424506366,0.00024278003837294914,0.0002608610302365614,0.00023702731458242058,0.0002529565384375826
submission_static_20260731_012430_505aefa45432_perturb_sweep_ellipses_circular_r1p0_w0p0_s0,505aefa454328d4ba34ade5e7247050a0acfc793,100,1.0,7,182,182,0,0,146.5703540226312,0.0002884463770250803,0.00030396603630485314,0.00028911627373965384,0.00030492063847875785,0.0002817831166713406,0.00029544426397862397
submission_static_20260731_012430_505aefa45432_perturb_sweep_ellipses_circular_r1p0_w0p0_s0,505aefa454328d4ba34ade5e7247050a0acfc793,100,1.0,8,190,190,0,0,145.3520609678389,0.0002962960799798598,0.00032272618120913284,0.00029903061455054705,0.00032627175237610873,0.00029268455668908413,0.0003189038150447171
submission_static_20260731_012430_505aefa45432_perturb_sweep_ellipses_circular_r1p0_w0p0_s0,505aefa454328d4ba34ade5e7247050a0acfc793,100,1.0,9,188,188,0,0,144.211580555942,0.00035138506012962823,0.00039214782209676113,0.0003528638608131177,0.0003941797851435949,0.0003460404760434155,0.000385240975443351
submission_static_20260731_012430_505aefa45432_perturb_sweep_ellipses_circular_r1p0_w0p0_s0,505aefa454328d4ba34ade5e7247050a0acfc793,100,1.0,10,186,186,0,0,143.1585194280215,0.00034318471876214416,0.0003718642019593741,0.00034454963780782997,0.0003737767269998418,0.000334918398306702,0.00036152036579763556
submission_static_20260731_012430_505aefa45432_perturb_sweep_ellipses_circular_r1p0_w0p0_s0,505aefa454328d4ba34ade5e7247050a0acfc793,100,1.0,11,180,180,0,0,142.1678610373487,0.000389275448093117,0.00040954184518732657,0.00038904891374146863,0.00040933004364057657,0.0003787766296813137,0.0003970275416431747
submission_static_20260731_012430_505aefa45432_perturb_sweep_ellipses_circular_r1p0_w0p0_s0,505aefa454328d4ba34ade5e7247050a0acfc793,100,1.0,12,178,178,0,0,141.2523120588107,0.00044413075800821977,0.00047135452749249527,0.00044273000026586514,0.0004692029893339855,0.00042871472849521295,0.00045228458088621576
submission_static_20260731_012430_505aefa45432_perturb_sweep_ellipses_circular_r1p0_w0p0_s0,505aefa454328d4ba34ade5e7247050a0acfc793,100,1.0,13,176,176,0,0,140.38922399793069,0.00045417900041325036,0.000474490508728822,0.00045461410225161245,0.00047486713360564507,0.0004388632100295036,0.0004548758568610988
submission_static_20260731_012430_505aefa45432_perturb_sweep_ellipses_circular_r1p0_w0p0_s0,505aefa454328d4ba34ade5e7247050a0acfc793,100,1.0,14,174,174,0,0,139.58621196534804,0.000489917760694931,0.0004934662243396299,0.0004918930165934264,0.0004963589828916984,0.0004696189564175173,0.00046809365793300847
submission_static_20260731_012430_505aefa45432_perturb_sweep_ellipses_circular_r1p0_w0p0_s0,505aefa454328d4ba34ade5e7247050a0acfc793,100,1.0,15,178,178,0,0,138.8355090960808,0.0005205802451426179,0.0006256996813979887,0.0005240795768115063,0.0006305532406118275,0.0004950604992356946,0.0005905305938650791
submission_static_20260731_012430_505aefa45432_perturb_sweep_ellipses_circular_r1p0_w0p0_s0,505aefa454328d4ba34ade5e7247050a0acfc793,100,1.0,16,174,174,0,0,138.1229653283808,0.0005639649465667151,0.0005543458481752039,0.0005677838853165719,0.0005599051817317922,0.0005419168018786995,0.0005251148692032815
submission_static_20260731_012430_505aefa45432_perturb_sweep_ellipses_circular_r1p0_w0p0_s0,505aefa454328d4ba34ade5e7247050a0acfc793,100,1.0,17,180,180,0,0,137.4603253936984,0.0005699234691878152,0.0006451990280768638,0.0005745614550724798,0.0006510963493261084,0.0005526879794417182,0.0006266156211500048
submission_static_20260731_012430_505aefa45432_perturb_sweep_ellipses_circular_r1p0_w0p0_s0,505aefa454328d4ba34ade5e7247050a0acfc793,100,1.0,18,182,182,0,0,136.83765689606943,0.0006825456647793887,0.0007909140943509407,0.0006917381388841493,0.0008031586399882134,0.0006558158037024325,0.0007536248157870443
submission_static_20260731_012430_505aefa45432_perturb_sweep_ellipses_circular_r1p0_w0p0_s0,505aefa454328d4ba34ade5e7247050a0acfc793,100,1.0,19,168,168,0,0,136.22928040744347,0.0007110589822744803,0.000734909316770104,0.0007179021422470586,0.0007454606952476491,0.0006884808121628438,0.0007067705350843684
submission_static_20260731_012430_505aefa45432_perturb_sweep_ellipses_circular_r1p0_w0p0_s0,505aefa454328d4ba34ade5e7247050a0acfc793,100,1.0,20,180,180,0,0,135.69524676093428,0.0006727304436950752,0.0007845767542714037,0.000689730202860973,0.0008071215871731205,0.0006414478824990546,0.000740576178934167
submission_static_20260731_012430_505aefa45432_perturb_sweep_ellipses_circular_r1p0_w0p0_s0,505aefa454328d4ba34ade5e7247050a0acfc793,100,1.0,21,180,180,0,0,135.16212169228163,0.0007659022557487174,0.0008866190081365422,0.0007769631327433877,0.0009016506037147717,0.0007249167792310971,0.0008310735321257118
submission_static_20260731_012430_505aefa45432_perturb_sweep_ellipses_circular_r1p0_w0p0_s0,505aefa454328d4ba34ade5e7247050a0acfc793,100,1.0,22,162,162,0,0,134.6365939418603,0.0008238497564635339,0.0007510551816109041,0.0008357371474898704,0.000766734743763253,0.0008070246567789564,0.0007289754813054442
submission_static_20260731_012430_505aefa45432_perturb_sweep_ellipses_circular_r1p0_w0p0_s0,505aefa454328d4ba34ade5e7247050a0acfc793,100,1.0,23,178,178,0,0,134.19191579958198,0.0007806379997755973,0.0009167497000287483,0.0007963541489231571,0.00093911452400316,0.0007612849887434983,0.0008936238348379471
submission_static_20260731_012430_505aefa45432_perturb_sweep_ellipses_circular_r1p0_w0p0_s0,505aefa454328d4ba34ade5e7247050a0acfc793,100,1.0,24,162,162,0,0,133.71840534633876,0.0010127357107639996,0.0009662143490352017,0.0010311396213636892,0.000990511059706243,0.0009658796985208716,0.0009151305037563401
submission_static_20260731_012430_505aefa45432_perturb_sweep_ellipses_circular_r1p28_w0p0_s0,505aefa454328d4ba34ade5e7247050a0acfc793,128,0.78125,0,258,258,0,0,158.6578470389307,9.40606530399844e-05,9.453877808315198e-05,9.409788254423842e-05,9.457828688710934e-05,9.313202069351655e-05,9.336128161620078e-05
submission_static_20260731_012430_505aefa45432_perturb_sweep_ellipses_circular_r1p28_w0p0_s0,505aefa454328d4ba34ade5e7247050a0acfc793,128,0.78125,1,252,252,0,0,156.43737659617733,0.00012441462752615248,0.00013291722467809267,0.0001244782139277719,0.00013301573726614437,0.00012348446207926,0.00013174047758064358
submission_static_20260731_012430_505aefa45432_perturb_sweep_ellipses_circular_r1p28_w0p0_s0,505aefa454328d4ba34ade5e7247050a0acfc793,128,0.78125,2,248,248,0,0,154.41609158360075,0.000136761957674943,0.00014718029308697324,0.00013662503894153424,0.00014696935699480977,0.0001351668122742054,0.00014513991929122552
submission_static_20260731_012430_505aefa45432_perturb_sweep_ellipses_circular_r1p28_w0p0_s0,505aefa454328d4ba34ade5e7247050a0acfc793,128,0.78125,3,244,244,0,0,152.56866918778846,0.000157429263869662,0.00016585962610391378,0.0001574313311090393,0.00016587826348731457,0.00015556260943109647,0.0001634540528070723
submission_static_20260731_012430_505aefa45432_perturb_sweep_ellipses_circular_r1p28_w0p0_s0,505aefa454328d4ba34ade5e7247050a0acfc793,128,0.78125,4,248,248,0,0,150.88115115169603,0.00014800450695270077,0.00016703039273994542,0.00014920014375761271,0.0001685584499238157,0.00014622487550065475,0.00016442506703815522
submission_static_20260731_012430_505aefa45432_perturb_sweep_ellipses_circular_r1p28_w0p0_s0,505aefa454328d4ba34ade5e7247050a0acfc793,128,0.78125,5,238,238,0,0,149.3204374205614,0.00019139658593891282,0.00020074131606735983,0.00019147782735537148,0.00020084694692660697,0.0001889763573616075,0.0001976848732227968
submission_static_20260731_012430_505aefa45432_perturb_sweep_ellipses_circular_r1p28_w0p0_s0,505aefa454328d4ba34ade5e7247050a0acfc793,128,0.78125,6,240,240,0,0,147.88985954175797,0.00019396949155955115,0.0002139880572185048,0.00019407387431785852,0.00021422907850610423,0.00019183973680990927,0.0002114799104724168
submission_static_20260731_012430_505aefa45432_perturb_sweep_ellipses_circular_r1p28_w0p0_s0,505aefa454328d4ba34ade5e7247050a0acfc793,128,0.78125,7,236,236,0,0,146.563141679103,0.0002475085133365492,0.0002827378126144463,0.00024744180958141004,0.00028259977775333376,0.0002441545090650297,0.0002786703549773914
submission_static_20260731_012430_505aefa45432_perturb_sweep_ellipses_circular_r1p28_w0p0_s0,505aefa454328d4ba34ade5e7247050a0acfc793,128,0.78125,8,244,244,0,0,145.34268913917742,0.00024408835081056972,0.0002756909131776946,0.0002455891198164515,0.00027770886963519707,0.0002414858560406941,0.00027237684641658494
submission_static_20260731_012430_505aefa45432_perturb_sweep_ellipses_circular_r1p28_w0p0_s0,505aefa454328d4ba34ade5e7247050a0acfc793,128,0.78125,9,238,238,0,0,144.2041953823479,0.00025099916940107814,0.000277329000555832,0.00025254372302518056,0.00027938409429394985,0.0002476545870605006,0.00027278641957956484
submission_static_20260731_012430_505aefa45432_perturb_sweep_ellipses_circular_r1p28_w0p0_s0,505aefa454328d4ba34ade5e7247050a0acfc793,128,0.78125,10,236,236,0,0,143.1474152911011,0.0002537592621153222,0.00029141094711220754,0.0002554758229585429,0.00029360129512703435,0.00025064056677836507,0.00028775306301485974
submission_static_20260731_012430_505aefa45432_perturb_sweep_ellipses_circular_r1p28_w0p0_s0,505aefa454328d4ba34ade5e7247050a0acfc793,128,0.78125,11,228,228,0,0,142.15787116155605,0.00029569939600953405,0.0003254822611084159,0.00029665487396528185,0.0003268406338855121,0.00028903127031371063,0.0003178085931324501
submission_static_20260731_012430_505aefa45432_perturb_sweep_ellipses_circular_r1p28_w0p0_s0,505aefa454328d4ba34ade5e7247050a0acfc793,128,0.78125,12,230,230,0,0,141.23915043237537,0.0003156341148897272,0.00034110067723757835,0.000315258595653359,0.00034065894700570186,0.0003086484101840381,0.00033282487268806337
submission_static_20260731_012430_505aefa45432_perturb_sweep_ellipses_circular_r1p28_w0p0_s0,505aefa454328d4ba34ade5e7247050a0acfc793,128,0.78125,13,224,224,0,0,140.3752424640427,0.0003350980839352241,0.0003491803206212826,0.00033260658338161314,0.0003454796026803043,0.00032653583908141294,0.0003383896816829283
submission_static_20260731_012430_505aefa45432_perturb_sweep_ellipses_circular_r1p28_w0p0_s0,505aefa454328d4ba34ade5e7247050a0acfc793,128,0.78125,14,222,222,0,0,139.56930050886942,0.000346324780257271,0.0003502522312663189,0.0003468995867310104,0.00035139138336727575,0.00033798759949974844,0.00034013622267962604
submission_static_20260731_012430_505aefa45432_perturb_sweep_ellipses_circular_r1p28_w0p0_s0,505aefa454328d4ba34ade5e7247050a0acfc793,128,0.78125,15,230,230,0,0,138.8177798361242,0.0003950620675249305,0.0004325442021687115,0.000395618329548854,0.0004330083413477631,0.0003861946881894564,0.00042067884210421537
submission_static_20260731_012430_505aefa45432_perturb_sweep_ellipses_circular_r1p28_w0p0_s0,505aefa454328d4ba34ade5e7247050a0acfc793,128,0.78125,16,220,220,0,0,138.10447047975106,0.0003832170178691611,0.00041630831139070993,0.00038274705204480706,0.00041609161133003146,0.00037134322636860496,0.000400757160905977
submission_static_20260731_012430_505aefa45432_perturb_sweep_ellipses_circular_r1p28_w0p0_s0,505aefa454328d4ba34ade5e7247050a0acfc793,128,0.78125,17,232,232,0,0,137.43559422422413,0.0005273899141606056,0.0006047031257750989,0.0005299517527181166,0.000608069969953055,0.0005204474817818428,0.0005971939998012928
submission_static_20260731_012430_505aefa45432_perturb_sweep_ellipses_circular_r1p28_w0p0_s0,505aefa454328d4ba34ade5e7247050a0acfc793,128,0.78125,18,232,232,0,0,136.817297591278,0.00047546519307076473,0.0005412300843458431,0.00048023720232623184,0.0005471319835765151,0.0004537186349397834,0.000508650920961104
submission_static_20260731_012430_505aefa45432_perturb_sweep_ellipses_circular_r1p28_w0p0_s0,505aefa454328d4ba34ade5e7247050a0acfc793,128,0.78125,19,214,214,0,0,136.2100383610375,0.0005768926637318766,0.0005888007239865492,0.0005775757716878782,0.0005888391131974171,0.000565774137312118,0.0005754174595138909
submission_static_20260731_012430_505aefa45432_perturb_sweep_ellipses_circular_r1p28_w0p0_s0,505aefa454328d4ba34ade5e7247050a0acfc793,128,0.78125,20,230,230,0,0,135.6643517308969,0.00048030351156038353,0.0005648658118535105,0.0004907105597840755,0.0005789607653222057,0.00047490335844910025,0.000561890646836107
submission_static_20260731_012430_505aefa45432_perturb_sweep_ellipses_circular_r1p28_w0p0_s0,505aefa454328d4ba34ade5e7247050a0acfc793,128,0.78125,21,228,228,0,0,135.1409371669478,0.00048180898461925274,0.000552609573005841,0.000494371532909117,0.0005691546410368925,0.00046216929789119165,0.0005244102098164808
submission_static_20260731_012430_505aefa45432_perturb_sweep_ellipses_circular_r1p28_w0p0_s0,505aefa454328d4ba34ade5e7247050a0acfc793,128,0.78125,22,208,208,0,0,134.61118890259505,0.000731753029416394,0.0007816660826482115,0.0007379651531001923,0.0007906140612664743,0.0007167230439707475,0.0007635772801735347
submission_static_20260731_012430_505aefa45432_perturb_sweep_ellipses_circular_r1p28_w0p0_s0,505aefa454328d4ba34ade5e7247050a0acfc793,128,0.78125,23,228,227,1,1,134.16603380657122,0.0007387911097157173,0.0007615573918170669,0.0007472777099596771,0.000773625944543393,0.0007188469385037636,0.0007345793237308844
submission_static_20260731_012430_505aefa45432_perturb_sweep_ellipses_circular_r1p28_w0p0_s0,505aefa454328d4ba34ade5e7247050a0acfc793,128,0.78125,24,206,206,0,0,133.68818715549207,0.000785101963246776,0.0007897679757563278,0.0007942051382606568,0.0008026500797743574,0.0007874210225608813,0.0007926847084166276
submission_static_20260731_012430_505aefa45432_perturb_sweep_ellipses_circular_r1p5_w0p0_s0,505aefa454328d4ba34ade5e7247050a0acfc793,150,0.6666666666666666,0,302,302,0,0,158.65686693670935,8.485244228236302e-05,9.035657564098913e-05,8.48626763126958e-05,9.03671642091667e-05,8.443285003470209e-05,8.983284138383881e-05
submission_static_20260731_012430_505aefa45432_perturb_sweep_ellipses_circular_r1p5_w0p0_s0,505aefa454328d4ba34ade5e7247050a0acfc793,150,0.6666666666666666,1,294,294,0,0,156.43668788449799,0.00010391385224746725,0.00010980856626584014,0.0001039243755713934,0.0001098249549145515,0.00010309802014869251,0.00010877428220300037
submission_static_20260731_012430_505aefa45432_perturb_sweep_ellipses_circular_r1p5_w0p0_s0,505aefa454328d4ba34ade5e7247050a0acfc793,150,0.6666666666666666,2,292,292,0,0,154.41494455801399,0.00011624768300776723,0.000124451228045029,0.00011624111867495623,0.0001244097767401756,0.00011517689791580339,0.00012307930537868296
submission_static_20260731_012430_505aefa45432_perturb_sweep_ellipses_circular_r1p5_w0p0_s0,505aefa454328d4ba34ade5e7247050a0acfc793,150,0.6666666666666666,3,288,288,0,0,152.56824735457886,0.00013368498452539861,0.000139018529942845,0.00013365762250887826,0.00013895106944192956,0.00013284302090414644,0.00013794096994316593
submission_static_20260731_012430_505aefa45432_perturb_sweep_ellipses_circular_r1p5_w0p0_s0,505aefa454328d4ba34ade5e7247050a0acfc793,150,0.6666666666666666,4,294,294,0,0,150.87785028951404,0.00013393971563171116,0.00014647259569869003,0.00013448706119789343,0.0001471945559555405,0.00013307524858923388,0.0001454444802623512
submission_static_20260731_012430_505aefa45432_perturb_sweep_ellipses_circular_r1p5_w0p0_s0,505aefa454328d4ba34ade5e7247050a0acfc793,150,0.6666666666666666,5,280,280,0,0,149.31920261997533,0.00016770146449302483,0.0001736193509007714,0.00016788083367605283,0.00017387247303647907,0.0001664320768612984,0.0001720654050373877
submission_static_20260731_012430_505aefa45432_perturb_sweep_ellipses_circular_r1p5_w0p0_s0,505aefa454328d4ba34ade5e7247050a0acfc793,150,0.6666666666666666,6,282,282,0,0,147.88758735714714,0.00014756090084206173,0.00015135295857728916,0.00014745068215153036,0.000151268326137762,0.000145325222695563,0.00014849601568914467
submission_static_20260731_012430_505aefa45432_perturb_sweep_ellipses_circular_r1p5_w0p0_s0,505aefa454328d4ba34ade5e7247050a0acfc793,150,0.6666666666666666,7,274,274,0,0,146.5611640802976,0.00019926508762833792,0.00021829174715959357,0.00019950778487688725,0.0002186365562520508,0.0001966305017395779,0.0002150086787535845
submission_static_20260731_012430_505aefa45432_perturb_sweep_ellipses_circular_r1p5_w0p0_s0,505aefa454328d4ba34ade5e7247050a0acfc793,150,0.6666666666666666,8,284,284,0,0,145.33876406259293,0.00018867808912220418,0.00020187600390342208,0.0001901390988435562,0.00020376298461666987,0.00018593973038886542,0.00019763674820108434
submission_static_20260731_012430_505aefa45432_perturb_sweep_ellipses_circular_r1p5_w0p0_s0,505aefa454328d4ba34ade5e7247050a0acfc793,150,0.6666666666666666,9,278,278,0,0,144.19923317521702,0.0001995929663612087,0.0002074926419865327,0.00020013208593329274,0.00020811512155165048,0.00019664786527492424,0.00020350267318861593
submission_static_20260731_012430_505aefa45432_perturb_sweep_ellipses_circular_r1p5_w0p0_s0,505aefa454328d4ba34ade5e7247050a0acfc793,150,0.6666666666666666,10,278,278,0,0,143.14193716767892,0.00021338475528435958,0.000234256736533018,0.00021418874474942384,0.00023521975593388916,0.00020984027521408366,0.0002293920385473409
submission_static_20260731_012430_505aefa45432_perturb_sweep_ellipses_circular_r1p5_w0p0_s0,505aefa454328d4ba34ade5e7247050a0acfc793,150,0.6666666666666666,11,266,266,0,0,142.15255236306137,0.00024239778240999323,0.0002619006501924097,0.0002420807228079159,0.0002614722042043718,0.00023743114083478914,0.00025541496018324626
submission_static_20260731_012430_505aefa45432_perturb_sweep_ellipses_circular_r1p5_w0p0_s0,505aefa454328d4ba34ade5e7247050a0acfc793,150,0.6666666666666666,12,268,268,0,0,141.23345044732667,0.00025647419287024,0.0002774302458453202,0.0002558497902634705,0.0002765289200003191,0.0002499914138705564,0.0002691603000051802
submission_static_20260731_012430_505aefa45432_perturb_sweep_ellipses_circular_r1p5_w0p0_s0,505aefa454328d4ba34ade5e7247050a0acfc793,150,0.6666666666666666,13,266,266,0,0,140.36968090646386,0.0003146573381132204,0.00033834419933534383,0.0003146620001047917,0.0003385965613988485,0.00030873610616212395,0.00033088291313445326
submission_static_20260731_012430_505aefa45432_perturb_sweep_ellipses_circular_r1p5_w0p0_s0,505aefa454328d4ba34ade5e7247050a0acfc793,150,0.6666666666666666,14,262,262,0,0,139.56415937655774,0.0003466265728479622,0.0003602375335708725,0.00034605784544468993,0.0003594225988046017,0.0003397536856592741,0.00035167635393304865
submission_static_20260731_012430_505aefa45432_perturb_sweep_ellipses_circular_r1p5_w0p0_s0,505aefa454328d4ba34ade5e7247050a0acfc793,150,0.6666666666666666,15,270,270,0,0,138.81147883608898,0.00034490817215977016,0.0003699835975870381,0.0003455200939424109,0.0003707059629322288,0.00033999995663305755,0.00036334671320209993
submission_static_20260731_012430_505aefa45432_perturb_sweep_ellipses_circular_r1p5_w0p0_s0,505aefa454328d4ba34ade5e7247050a0acfc793,150,0.6666666666666666,16,262,262,0,0,138.09573556751263,0.0003864280054351533,0.0004114947074801788,0.0003882078267635553,0.00041448313623735684,0.000382204322928386,0.00040734280816326644
submission_static_20260731_012430_505aefa45432_perturb_sweep_ellipses_circular_r1p5_w0p0_s0,505aefa454328d4ba34ade5e7247050a0acfc793,150,0.6666666666666666,17,270,270,0,0,137.4341103781994,0.00037903999248828976,0.0004068905686634444,0.000381832505901918,0.0004106056625360632,0.0003722172314544091,0.0003983009575935384
submission_static_20260731_012430_505aefa45432_perturb_sweep_ellipses_circular_r1p5_w0p0_s0,505aefa454328d4ba34ade5e7247050a0acfc793,150,0.6666666666666666,18,272,272,0,0,136.8069967510303,0.0003726617764149421,0.0004189047675568304,0.00037918577187717923,0.0004277919946634793,0.0003651017605249081,0.0004096817397192373
submission_static_20260731_012430_505aefa45432_perturb_sweep_ellipses_circular_r1p5_w0p0_s0,505aefa454328d4ba34ade5e7247050a0acfc793,150,0.6666666666666666,19,252,252,0,0,136.20015026537556,0.0005181676876883361,0.0005695263994669609,0.0005187669166816519,0.0005701841758962595,0.0005108885234816893,0.0005609786886615021
submission_static_20260731_012430_505aefa45432_perturb_sweep_ellipses_circular_r1p5_w0p0_s0,505aefa454328d4ba34ade5e7247050a0acfc793,150,0.6666666666666666,20,272,272,0,0,135.6467935416138,0.00048064577747919726,0.0005612160264571904,0.00048430248269800796,0.0005657803828567927,0.0004705911463363321,0.0005472575860462614
submission_static_20260731_012430_505aefa45432_perturb_sweep_ellipses_circular_r1p5_w0p0_s0,505aefa454328d4ba34ade5e7247050a0acfc793,150,0.6666666666666666,21,268,268,0,0,135.12361363372008,0.00038850066911139683,0.0004480332838074255,0.00039788215796529477,0.0004608795573470813,0.00038581099462654925,0.00044674194172233375
submission_static_20260731_012430_505aefa45432_perturb_sweep_ellipses_circular_r1p5_w0p0_s0,505aefa454328d4ba34ade5e7247050a0acfc793,150,0.6666666666666666,22,244,244,0,0,134.60418792355296,0.0005700778849993876,0.0005787889134298635,0.0005730184896197011,0.0005825387550072784,0.0005579206917446095,0.0005634061026911405
submission_static_20260731_012430_505aefa45432_perturb_sweep_ellipses_circular_r1p5_w0p0_s0,505aefa454328d4ba34ade5e7247050a0acfc793,150,0.6666666666666666,23,266,266,0,0,134.14363119374914,0.0004616801877351228,0.0005085398023392604,0.0004687356443542246,0.0005172351398390622,0.00043553220970654226,0.00046867756358053714
submission_static_20260731_012430_505aefa45432_perturb_sweep_ellipses_circular_r1p5_w0p0_s0,505aefa454328d4ba34ade5e7247050a0acfc793,150,0.6666666666666666,24,242,242,0,0,133.67500222348357,0.0006667981003056672,0.0007018284641888668,0.0006729519631164863,0.0007101398720997587,0.000652724400595962,0.0006855527301441488
