benchmark,case_index,cells_per_side,cell_a,cell_b,current_mismatch,admissible_root_count,dense_minimum_mismatch,dense_minimum_parameter
circles,2,64,"(26, 29)","(27, 29)",0.07873045435447928,0,0.020505915056974532,0.025390625
circles,2,64,"(26, 29)","(26, 30)",4.678878725424085e-12,1,0.0,0.4579910572013341
circles,2,64,"(26, 30)","(26, 31)",1.2219707404647963e-11,2,0.0,0.7384139802269964
circles,2,64,"(26, 31)","(26, 32)",8.737138594842225e-11,2,0.0,0.8526755012108651
circles,2,64,"(26, 32)","(26, 33)",6.723426797901548e-11,2,0.0,0.8093384695225723
circles,2,64,"(26, 33)","(26, 34)",1.180673526504044e-11,1,0.0,0.6051749952660339
circles,2,64,"(26, 34)","(26, 35)",1.9199206959592434e-11,2,0.0,0.22313122550145637
circles,2,64,"(26, 35)","(27, 35)",1.045811365698948e-11,1,0.0,0.42240282964869036
circles,2,64,"(27, 27)","(28, 27)",1.986069733340085e-11,1,0.0,0.7163513499909459
circles,2,64,"(27, 27)","(27, 28)",7.137832897547447e-12,1,0.0,0.26473377712847196
circles,2,64,"(27, 28)","(27, 29)",0.0002541922988659635,0,0.0002541922988659635,0.9857262955064425
circles,2,64,"(27, 35)","(27, 36)",3.262782083398648e-11,1,0.0,0.6238590890258638
circles,2,64,"(27, 36)","(28, 36)",9.961710449685784e-11,1,0.0,0.731344526363714
circles,2,64,"(28, 26)","(29, 26)",9.654362970338178e-10,2,0.0,0.8942870865240002
circles,2,64,"(28, 26)","(28, 27)",1.9251902132247837e-10,1,0.0,0.1540470007958447
circles,2,64,"(28, 36)","(28, 37)",3.367786335257186e-11,1,0.0,0.7166969319412828
circles,2,64,"(28, 37)","(29, 37)",9.877338222734475e-12,1,0.0,0.5534082116721902
circles,2,64,"(29, 26)","(30, 26)",4.8775280885440225e-12,1,0.0,0.3510809324282627
circles,2,64,"(29, 37)","(29, 38)",3.8182156539833495e-11,1,0.0,0.2127165436917676
circles,2,64,"(29, 38)","(30, 38)",2.7988289768600647e-11,2,0.0,0.09676869908973003
circles,2,64,"(30, 26)","(31, 26)",4.509079498926455e-09,2,0.0,0.012416654039539026
circles,2,64,"(30, 38)","(31, 38)",1.4334472952703722e-11,1,0.0,0.43494826983865553
circles,2,64,"(31, 25)","(32, 25)",8.91241963605847e-11,2,0.0,0.8268259183424698
circles,2,64,"(31, 25)","(31, 26)",1.8509475858491742e-05,0,1.8509475858491742e-05,0.9445722444116064
circles,2,64,"(31, 38)","(32, 38)",2.7633694391325518e-11,1,0.0,0.6007345575204226
circles,2,64,"(32, 25)","(33, 25)",7.172592741398636e-11,2,0.0,0.9255573387812638
circles,2,64,"(32, 38)","(33, 38)",2.44342308744547e-11,1,0.0,0.6075375999833205
circles,2,64,"(33, 25)","(34, 25)",4.692896079753884e-11,2,0.0,0.509649970495866
circles,2,64,"(33, 38)","(34, 38)",1.1804023364262281e-12,1,0.0,0.455879346640404
circles,2,64,"(34, 25)","(34, 26)",6.0020981717372166e-12,2,0.0,0.8120670450688567
circles,2,64,"(34, 26)","(35, 26)",9.027617001240946e-12,1,0.0,0.3287874855252676
circles,2,64,"(34, 38)","(35, 38)",2.840577949127261e-11,2,0.0,0.13360579178102852
circles,2,64,"(35, 26)","(36, 26)",8.852918565847258e-10,2,0.0,0.8356284225804483
circles,2,64,"(35, 37)","(36, 37)",2.874685758475867e-11,1,0.0,0.610116552084919
circles,2,64,"(35, 37)","(35, 38)",2.0046087805032516e-12,1,0.0,0.7004675817278713
circles,2,64,"(36, 26)","(36, 27)",2.4707674018772e-10,1,0.0,0.7602522570970723
circles,2,64,"(36, 27)","(37, 27)",1.919841836737855e-11,1,0.0,0.6303555539430045
circles,2,64,"(36, 36)","(37, 36)",7.709257284809621e-11,1,0.0,0.8171942608946893
circles,2,64,"(36, 36)","(36, 37)",1.8517020194170577e-11,1,0.0,0.196491224760166
circles,2,64,"(37, 27)","(37, 28)",1.9048730249239983e-11,1,0.0,0.6484418614671177
circles,2,64,"(37, 28)","(38, 28)",1.8347736811435527e-09,1,0.0,0.8793750276749551
circles,2,64,"(37, 35)","(38, 35)",4.773271691132913e-11,1,0.0,0.5683523220642109
circles,2,64,"(37, 35)","(37, 36)",9.508341352096694e-13,1,0.0,0.2893296613080702
circles,2,64,"(38, 28)","(38, 29)",3.057709171703429e-09,2,0.0,0.9278791433598553
circles,2,64,"(38, 29)","(38, 30)",1.5640336899628678e-11,1,0.0,0.4554194764774775
circles,2,64,"(38, 30)","(38, 31)",5.626676624808531e-12,2,0.0,0.1747177067946086
circles,2,64,"(38, 31)","(38, 32)",1.291039037851504e-12,2,0.0,0.06052687749270717
circles,2,64,"(38, 32)","(38, 33)",1.2204767205130516e-11,2,0.0,0.1038455400813882
circles,2,64,"(38, 33)","(38, 34)",4.4911601007416283e-13,1,0.0,0.3080128459874959
circles,2,64,"(38, 34)","(38, 35)",3.998188684163738e-11,1,0.0,0.6900604242355984
squares,4,64,"(26, 32)","(27, 32)",5.396143690236912e-13,2,0.0,0.30424005858552844
squares,4,64,"(26, 32)","(26, 33)",4.2787082880010686e-12,1,0.0,0.37959877586622953
squares,4,64,"(26, 33)","(27, 33)",3.5811570397343634e-12,2,0.0,0.631602819800014
squares,4,64,"(27, 31)","(28, 31)",1.215728856536958e-10,1,0.0,0.14976204345548014
squares,4,64,"(27, 31)","(27, 32)",7.333790541307331e-11,1,0.0,0.6951809298898115
squares,4,64,"(27, 33)","(27, 34)",2.7933396622304252e-12,1,0.0,0.45338656716975945
squares,4,64,"(27, 34)","(28, 34)",2.9662370514410927e-11,1,0.0,0.40513333010773295
squares,4,64,"(28, 29)","(29, 29)",0.0013211520129950973,0,0.0013211520129950973,0.955777609343063
squares,4,64,"(28, 29)","(28, 30)",1.2946638132236228e-10,1,0.0,0.03707126305364454
squares,4,64,"(28, 30)","(28, 31)",1.0403149833107337e-10,1,0.0,0.8727777026963804
squares,4,64,"(28, 34)","(28, 35)",4.661925986235985e-11,1,0.0,0.2798319529308856
squares,4,64,"(28, 35)","(29, 35)",4.616450182985881e-13,1,0.0,0.23549450103924754
squares,4,64,"(29, 28)","(30, 28)",1.2954379560250176e-10,1,0.0,0.7611497134111324
squares,4,64,"(29, 28)","(29, 29)",1.36874738568481e-12,1,0.0,0.20106663013295928
squares,4,64,"(29, 35)","(29, 36)",1.1854762611890678e-10,1,0.0,0.08536568497338066
squares,4,64,"(29, 36)","(30, 36)",4.83390347215759e-10,1,0.0,0.07147496242993384
squares,4,64,"(30, 27)","(31, 27)",4.795015046070228e-11,1,0.0,0.5869482703402491
squares,4,64,"(30, 27)","(30, 28)",7.764199862090746e-12,1,0.0,0.37084490978192663
squares,4,64,"(30, 36)","(31, 36)",4.1613291577047745e-09,1,0.0,0.907124469345008
squares,4,64,"(31, 26)","(32, 26)",4.388114041677772e-11,2,0.0,0.7093754634686593
squares,4,64,"(31, 26)","(31, 27)",2.705838754276674e-12,1,0.0,0.6006348886107117
squares,4,64,"(31, 36)","(31, 37)",2.5303876733100945e-09,1,0.0,0.8914335379451268
squares,4,64,"(31, 37)","(32, 37)",1.6858401589335392e-10,1,0.0,0.7238053527651482
squares,4,64,"(32, 26)","(32, 27)",6.485086464881608e-11,1,0.0,0.5102368652565655
squares,4,64,"(32, 27)","(33, 27)",1.768793230524864e-11,1,0.0,0.4650189372913428
squares,4,64,"(32, 37)","(32, 38)",1.2388306928839437e-10,2,0.0,0.7487375053249343
squares,4,64,"(32, 38)","(33, 38)",1.0260541204963876e-11,2,0.0,0.32136007166141556
squares,4,64,"(33, 27)","(33, 28)",3.0626495656592898e-12,1,0.0,0.347497483729162
squares,4,64,"(33, 28)","(34, 28)",2.9635832770913246e-11,1,0.0,0.2931248742625212
squares,4,64,"(33, 37)","(34, 37)",5.033292975138735e-11,1,0.0,0.26818742661106626
squares,4,64,"(33, 37)","(33, 38)",4.373937835453375e-11,1,0.0,0.552422306559456
squares,4,64,"(34, 28)","(34, 29)",7.506026507196943e-11,1,0.0,0.15354666650000126
squares,4,64,"(34, 29)","(35, 29)",2.80255734990751e-11,1,0.0,0.12949995406191647
squares,4,64,"(34, 36)","(35, 36)",5.26434862100235e-10,1,0.0,0.08261216044511002
squares,4,64,"(34, 36)","(34, 37)",2.683403994982969e-11,1,0.0,0.7636083569966786
squares,4,64,"(35, 29)","(36, 29)",0.33066997932923403,0,0.025866394914371142,0.962890625
squares,4,64,"(35, 34)","(36, 34)",2.0450199400961293e-09,1,0.0,0.8872488478521927
squares,4,64,"(35, 34)","(35, 35)",1.644150781145146e-10,1,0.0,0.09441910271664256
squares,4,64,"(35, 35)","(35, 36)",2.572781999731166e-10,1,0.0,0.9306380499173383
squares,4,64,"(36, 29)","(36, 30)",0.0007235110957303998,0,0.0007235110957303998,0.9623037748073148
squares,4,64,"(36, 30)","(37, 30)",9.229893385691715e-11,1,0.0,0.797202719467955
squares,4,64,"(36, 33)","(37, 33)",8.444642847918618e-11,1,0.0,0.694940313083971
squares,4,64,"(36, 33)","(36, 34)",2.8285335062522364e-11,1,0.0,0.2591312764414897
squares,4,64,"(37, 30)","(37, 31)",4.025797506353368e-10,1,0.0,0.773800710180194
squares,4,64,"(37, 31)","(38, 31)",1.1149478478132163e-11,1,0.0,0.5752587524780666
squares,4,64,"(37, 32)","(38, 32)",5.3288639386372504e-11,1,0.0,0.5530295512736529
squares,4,64,"(37, 32)","(37, 33)",2.9393609530974167e-11,1,0.0,0.43776452102115854
squares,4,64,"(38, 31)","(38, 32)",2.0107608318882446e-10,2,0.0,0.7414775471932353
ellipses,3,64,"(20, 26)","(21, 26)",3.1204741696391304e-12,2,0.0,0.2690645678585997
ellipses,3,64,"(20, 26)","(20, 27)",8.390291746442589e-12,2,0.0,0.09683588193280684
ellipses,3,64,"(20, 27)","(20, 28)",1.0870501341244967e-11,2,0.0,0.1692135303182522
ellipses,3,64,"(20, 28)","(20, 29)",8.690486368940405e-13,2,0.0,0.21536563991643107
ellipses,3,64,"(20, 29)","(20, 30)",1.5962892678364865e-12,2,0.0,0.22682168501909017
ellipses,3,64,"(20, 30)","(20, 31)",2.6778043671768395e-12,2,0.0,0.20687439954045203
ellipses,3,64,"(20, 31)","(20, 32)",1.1043332242581654e-12,2,0.0,0.15529920865630628
ellipses,3,64,"(20, 32)","(20, 33)",2.1120300038459077e-11,2,0.0,0.07246954765843838
ellipses,3,64,"(20, 33)","(21, 33)",6.594563572464727e-11,2,0.0,0.6652745225999024
ellipses,3,64,"(21, 21)","(22, 21)",4.043797010627045e-11,1,0.0,0.5969516210427491
ellipses,3,64,"(21, 21)","(21, 22)",4.023601792728334e-11,2,0.0,0.1249019999260463
ellipses,3,64,"(21, 22)","(21, 23)",3.625833051520193e-12,1,0.0,0.4108712752944439
ellipses,3,64,"(21, 23)","(21, 24)",2.3205343876307516e-12,1,0.0,0.6177471925837381
ellipses,3,64,"(21, 24)","(21, 25)",4.926661396889326e-11,2,0.0,0.90646960978685
ellipses,3,64,"(21, 25)","(21, 26)",2.6760471657187546e-11,2,0.0,0.5066038568852036
ellipses,3,64,"(21, 33)","(21, 34)",1.3731686428246728e-09,2,0.0,0.9582696811593678
ellipses,3,64,"(21, 34)","(21, 35)",7.857629660940329e-12,2,0.0,0.8123815261770505
ellipses,3,64,"(21, 35)","(21, 36)",1.1671566596550353e-11,1,0.0,0.6341981609922732
ellipses,3,64,"(21, 36)","(21, 37)",5.021077551484128e-12,1,0.0,0.42281524571360024
ellipses,3,64,"(21, 37)","(21, 38)",5.2683445754111265e-12,2,0.0,0.17697405667958266
ellipses,3,64,"(21, 38)","(22, 38)",2.165658922810754e-11,2,0.0,0.6428327010962266
ellipses,3,64,"(22, 19)","(23, 19)",1.8795990416768645e-11,2,0.0,0.20586907393158982
ellipses,3,64,"(22, 19)","(22, 20)",1.0670714924114988e-11,1,0.0,0.41812743230030264
ellipses,3,64,"(22, 20)","(22, 21)",1.3675388162227156e-10,2,0.0,0.7917690541502316
ellipses,3,64,"(22, 38)","(22, 39)",7.373054915759701e-10,2,0.0,0.8950410232955255
ellipses,3,64,"(22, 39)","(22, 40)",9.601733330538075e-12,1,0.0,0.5748362088594832
ellipses,3,64,"(22, 40)","(22, 41)",2.182162785513207e-12,2,0.0,0.21359111203521025
ellipses,3,64,"(22, 41)","(23, 41)",4.241941129703506e-11,1,0.0,0.540601290503755
ellipses,3,64,"(23, 17)","(24, 17)",4.183636501125244e-11,1,0.0,0.38783747524560797
ellipses,3,64,"(23, 17)","(23, 18)",4.052811194147122e-12,1,0.0,0.4853158864037732
ellipses,3,64,"(23, 18)","(23, 19)",9.861189172347228e-12,2,0.0,0.31167128990595755
ellipses,3,64,"(23, 41)","(23, 42)",1.823875616038881e-11,2,0.0,0.8077621802183785
ellipses,3,64,"(23, 42)","(23, 43)",8.654106900899856e-12,1,0.0,0.35255910504259647
ellipses,3,64,"(23, 43)","(24, 43)",1.2756361748124555e-10,1,0.0,0.7025322986825541
ellipses,3,64,"(24, 16)","(25, 16)",1.7340994373572585e-09,1,0.0,0.051223904675407536
ellipses,3,64,"(24, 16)","(24, 17)",6.559499788590494e-11,1,0.0,0.7557987274512198
ellipses,3,64,"(24, 43)","(24, 44)",2.387362677794027e-10,2,0.0,0.8418655468974202
ellipses,3,64,"(24, 44)","(24, 45)",2.742896538080055e-11,1,0.0,0.26694655949456775
ellipses,3,64,"(24, 45)","(25, 45)",8.01137970652332e-12,1,0.0,0.4257498417784518
ellipses,3,64,"(25, 15)","(26, 15)",1.200511865787472e-09,1,0.0,0.05177210607790812
ellipses,3,64,"(25, 15)","(25, 16)",9.444208983208711e-05,0,9.444208983208711e-05,0.95528457802076
ellipses,3,64,"(25, 45)","(25, 46)",6.6587752529766225e-12,1,0.0,0.6159439967582557
ellipses,3,64,"(25, 46)","(26, 46)",4.494054903680664e-10,1,0.0,0.8362871265311423
ellipses,3,64,"(26, 14)","(27, 14)",1.5378942493350996e-11,1,0.0,0.29802221955128516
ellipses,3,64,"(26, 14)","(26, 15)",1.4249322553299339e-06,0,1.4249322553299339e-06,0.940061802328455
ellipses,3,64,"(26, 46)","(26, 47)",6.098710455078007e-11,1,0.0,0.8704445110851157
ellipses,3,64,"(26, 47)","(26, 48)",0.0009076974473863126,0,0.0009076974473863126,0.002807693435147485
ellipses,3,64,"(26, 48)","(27, 48)",0.8932353858592709,0,0.28734549159923983,1.0
ellipses,3,64,"(27, 13)","(28, 13)",1.495065216401602e-11,2,0.0,0.7492266527081733
ellipses,3,64,"(27, 13)","(27, 14)",2.9475037955456295e-11,1,0.0,0.5004367191653819
ellipses,3,64,"(27, 48)","(28, 48)",0.2189953506500249,0,0.03251252147530162,0.962890625
ellipses,3,64,"(28, 13)","(29, 13)",7.584856224635253e-12,1,0.0,0.380476675207542
ellipses,3,64,"(28, 48)","(28, 49)",2.5698028412651615e-06,0,2.5698028412651615e-06,0.9523078647679267
ellipses,3,64,"(28, 49)","(29, 49)",1.0951416722162156e-11,1,0.0,0.7418727804183709
ellipses,3,64,"(29, 13)","(30, 13)",1.272785966927167e-11,2,0.0,0.17454843499503567
ellipses,3,64,"(29, 49)","(29, 50)",8.811054629680031e-11,1,0.0,0.6115140254608923
ellipses,3,64,"(29, 50)","(30, 50)",1.3630723540744439e-11,1,0.0,0.35900139330058667
ellipses,3,64,"(30, 13)","(31, 13)",8.536734881313309e-12,2,0.0,0.12100131801306362
ellipses,3,64,"(30, 50)","(31, 50)",6.653634865447133e-11,2,0.0,0.8236116557594505
ellipses,3,64,"(31, 13)","(32, 13)",6.42728627684704e-12,2,0.0,0.21351278957874456
ellipses,3,64,"(31, 50)","(31, 51)",3.95263726394935e-12,1,0.0,0.5038770808515118
ellipses,3,64,"(31, 51)","(32, 51)",2.7582747094453624e-11,2,0.0,0.14247106756463837
ellipses,3,64,"(32, 13)","(33, 13)",1.6435322696898953e-11,1,0.0,0.44954404760510897
ellipses,3,64,"(32, 51)","(33, 51)",6.886673005153992e-12,1,0.0,0.31865201447229086
ellipses,3,64,"(33, 13)","(34, 13)",3.4588606068966284e-11,2,0.0,0.8295390690867543
ellipses,3,64,"(33, 51)","(34, 51)",1.738857693561459e-12,1,0.0,0.3460224237759576
ellipses,3,64,"(34, 13)","(34, 14)",5.771718278126778e-12,1,0.0,0.6449791968703493
ellipses,3,64,"(34, 14)","(35, 14)",2.0243581738543756e-11,1,0.0,0.35814896971907045
ellipses,3,64,"(34, 51)","(35, 51)",1.5736754111148966e-11,2,0.0,0.2434881082674383
ellipses,3,64,"(35, 14)","(35, 15)",1.3164214427162844e-09,1,0.0,0.05600912275934661
ellipses,3,64,"(35, 15)","(36, 15)",1.8478577890783973e-09,1,0.0,0.042782681378353116
ellipses,3,64,"(35, 50)","(36, 50)",1.490369045028844e-11,2,0.0,0.39752015236520494
ellipses,3,64,"(35, 50)","(35, 51)",9.855311802936924e-13,2,0.0,0.22452947011163815
ellipses,3,64,"(36, 15)","(37, 15)",2.4969230851834493e-10,1,0.0,0.8964988319984583
ellipses,3,64,"(36, 50)","(37, 50)",9.917783519559844e-14,1,0.0,0.6039257447069304
ellipses,3,64,"(37, 15)","(37, 16)",2.3526651968326775e-09,1,0.0,0.8917896865231478
ellipses,3,64,"(37, 16)","(38, 16)",4.530837124070764e-09,1,0.0,0.9396037644136004
ellipses,3,64,"(37, 49)","(38, 49)",2.771238902422027e-10,1,0.0,0.8880209086534433
ellipses,3,64,"(37, 49)","(37, 50)",1.2397039779097122e-10,1,0.0,0.17390546673107565
ellipses,3,64,"(38, 16)","(38, 17)",0.00019892561094443255,0,0.00019892561094443255,0.9476737084714295
ellipses,3,64,"(38, 17)","(38, 18)",6.499046155480327e-11,1,0.0,0.14811202727992168
ellipses,3,64,"(38, 18)","(39, 18)",9.272399006462817e-11,1,0.0,0.202751649559043
ellipses,3,64,"(38, 49)","(39, 49)",2.033270239191862e-09,1,0.0,0.032694599213464244
ellipses,3,64,"(39, 18)","(39, 19)",2.2114231578651278e-11,1,0.0,0.45506002269455165
ellipses,3,64,"(39, 19)","(40, 19)",3.7146015503961243e-10,1,0.0,0.7352157983854
ellipses,3,64,"(39, 47)","(40, 47)",7.107348920581378e-09,1,0.0,0.9115944935550305
ellipses,3,64,"(39, 47)","(39, 48)",5.5222512830067196e-09,1,0.0,0.06957803523860093
ellipses,3,64,"(39, 48)","(39, 49)",0.00550448843973358,0,0.00550448843973358,0.9664569044417113
ellipses,3,64,"(40, 19)","(40, 20)",1.058093224147386e-10,2,0.0,0.8457116866887964
ellipses,3,64,"(40, 20)","(40, 21)",1.3057116969624798e-11,1,0.0,0.30746917256911277
ellipses,3,64,"(40, 21)","(41, 21)",7.375060490572674e-11,1,0.0,0.6132685951179746
ellipses,3,64,"(40, 46)","(41, 46)",4.415852462077404e-11,1,0.0,0.4350472893085498
ellipses,3,64,"(40, 46)","(40, 47)",8.277171154583563e-12,1,0.0,0.34972083538716103
ellipses,3,64,"(41, 21)","(41, 22)",3.152174536127297e-10,2,0.0,0.8389886859229773
ellipses,3,64,"(41, 22)","(41, 23)",4.472333740977609e-12,1,0.0,0.30256309864383185
ellipses,3,64,"(41, 23)","(41, 24)",1.143193782214566e-12,2,0.0,0.5612679469864997
ellipses,3,64,"(41, 24)","(42, 24)",3.3419074226334217e-12,2,0.0,0.18205261080064702
ellipses,3,64,"(41, 44)","(42, 44)",1.3275619287220521e-11,1,0.0,0.42827119985743595
ellipses,3,64,"(41, 44)","(41, 45)",9.063672087217794e-12,2,0.0,0.251727706659758
ellipses,3,64,"(41, 45)","(41, 46)",2.4273468382453224e-11,2,0.0,0.7536756178313317
ellipses,3,64,"(42, 24)","(42, 25)",3.9278025338611136e-11,1,0.0,0.6582526065156435
ellipses,3,64,"(42, 25)","(42, 26)",1.226169676330474e-11,1,0.0,0.3802221591150555
ellipses,3,64,"(42, 26)","(42, 27)",4.000076455153982e-12,2,0.0,0.11218859711660116
ellipses,3,64,"(42, 27)","(43, 27)",3.354741531939067e-11,1,0.0,0.4786414941973135
ellipses,3,64,"(42, 41)","(43, 41)",7.2432275573913e-12,1,0.0,0.40320548885044444
ellipses,3,64,"(42, 41)","(42, 42)",2.6611055510109776e-13,2,0.0,0.15873778967015822
ellipses,3,64,"(42, 42)","(42, 43)",3.5873977868451187e-12,1,0.0,0.4646750845773295
ellipses,3,64,"(42, 43)","(42, 44)",2.8563566702667386e-10,2,0.0,0.8262102988896731
ellipses,3,64,"(43, 27)","(43, 28)",9.980137164872273e-11,2,0.0,0.8853539771282704
ellipses,3,64,"(43, 28)","(43, 29)",1.3025534792653166e-11,1,0.0,0.6916390343067996
ellipses,3,64,"(43, 29)","(43, 30)",7.50205878608929e-12,1,0.0,0.5304913643198507
ellipses,3,64,"(43, 30)","(43, 31)",2.7404551309852287e-12,1,0.0,0.4013163972128041
ellipses,3,64,"(43, 31)","(43, 32)",2.9170690734330523e-13,1,0.0,0.30361686327814824
ellipses,3,64,"(43, 32)","(43, 33)",3.885794724855532e-13,2,0.0,0.23721243045074517
ellipses,3,64,"(43, 33)","(43, 34)",1.260232793752342e-11,2,0.0,0.20216806867008016
ellipses,3,64,"(43, 34)","(43, 35)",1.2947174559306601e-11,2,0.0,0.19881385008538927
ellipses,3,64,"(43, 35)","(43, 36)",9.147804911435864e-12,2,0.0,0.22775427156462683
ellipses,3,64,"(43, 36)","(43, 37)",1.0053571163863418e-11,1,0.0,0.28989618129334305
ellipses,3,64,"(43, 37)","(43, 38)",1.582616441990865e-11,1,0.0,0.3864890855716658
ellipses,3,64,"(43, 38)","(43, 39)",1.628243941336078e-11,1,0.0,0.5191910759345411
ellipses,3,64,"(43, 39)","(43, 40)",1.830785903953381e-11,1,0.0,0.6901429124733386
ellipses,3,64,"(43, 40)","(43, 41)",9.111231962816286e-10,2,0.0,0.9021557039702021
lines,3,64,"(0, 1)","(0, 2)",0.9826430248935522,0,0.11950335012577741,1.0
lines,3,64,"(1, 2)","(1, 3)",9.903914792346433e-09,1,0.0,0.930456904276147
lines,3,64,"(1, 3)","(2, 3)",2.8297532981963494e-10,1,0.0,0.8737613154158463
lines,3,64,"(2, 3)","(2, 4)",5.678532099210865e-10,1,0.0,0.865568998650898
lines,3,64,"(2, 4)","(3, 4)",3.3259947977201117e-10,1,0.0,0.8128235375367757
lines,3,64,"(3, 4)","(3, 5)",4.967976663169088e-10,1,0.0,0.8006772906039692
lines,3,64,"(3, 5)","(4, 5)",1.4135663483817896e-10,1,0.0,0.7518860296172466
lines,3,64,"(4, 5)","(4, 6)",1.938317571590386e-10,1,0.0,0.7357854562264936
lines,3,64,"(4, 6)","(5, 6)",5.6095376571075664e-11,1,0.0,0.6909485346397549
lines,3,64,"(5, 6)","(5, 7)",8.597479876686316e-11,1,0.0,0.6708936161942415
lines,3,64,"(5, 7)","(6, 7)",3.0888349553643894e-11,1,0.0,0.6300110404030193
lines,3,64,"(6, 7)","(6, 8)",5.6111353890912875e-12,1,0.0,0.6060017759011099
lines,3,64,"(6, 8)","(7, 8)",3.76616392837226e-11,1,0.0,0.5690735462039412
lines,3,64,"(7, 8)","(7, 9)",3.354234293425974e-11,1,0.0,0.5411099355868919
lines,3,64,"(7, 9)","(8, 9)",3.324499354041329e-11,1,0.0,0.5081360520198291
lines,3,64,"(8, 9)","(8, 10)",3.414214355548098e-11,1,0.0,0.4762180952617268
lines,3,64,"(8, 10)","(9, 10)",1.2661143007526748e-11,1,0.0,0.4471985578405861
lines,3,64,"(9, 10)","(9, 11)",1.7396185965988092e-11,1,0.0,0.4113262549341527
lines,3,64,"(9, 11)","(10, 11)",2.9523979947759914e-11,1,0.0,0.38626106365733676
lines,3,64,"(10, 11)","(10, 12)",1.81472518950552e-11,1,0.0,0.3464344146064127
lines,3,64,"(10, 12)","(11, 12)",8.805206710247636e-12,1,0.0,0.32532356948365077
lines,3,64,"(11, 12)","(11, 13)",6.9223126549641864e-12,1,0.0,0.2815425742589741
lines,3,64,"(11, 13)","(12, 13)",4.276791141858527e-11,1,0.0,0.2643860753525814
lines,3,64,"(12, 13)","(12, 14)",3.358375894000483e-11,1,0.0,0.2166507336034101
lines,3,64,"(12, 14)","(13, 14)",6.051328641923013e-11,1,0.0,0.20344858194967855
lines,3,64,"(13, 14)","(13, 15)",7.193916180500811e-11,1,0.0,0.1517588863208016
lines,3,64,"(13, 15)","(14, 15)",4.435498861633454e-11,1,0.0,0.14251110297756894
lines,3,64,"(14, 15)","(14, 16)",5.24439065189576e-10,1,0.0,0.08686685745712794
lines,3,64,"(14, 16)","(15, 16)",7.966260719213761e-11,1,0.0,0.08157399400215126
lines,3,64,"(15, 16)","(15, 17)",2.453840253267373e-07,0,2.453840253267373e-07,0.02196694184595117
lines,3,64,"(15, 17)","(16, 17)",0.0006591415110708566,0,0.0006591415110708566,0.020651978715920904
lines,3,64,"(16, 17)","(17, 17)",0.01984826381789182,0,0.01984826381789182,0.9591961964515986
lines,3,64,"(17, 17)","(17, 18)",2.3082188265177397e-06,0,2.3082188265177397e-06,0.9573369389536605
lines,3,64,"(17, 18)","(18, 18)",2.1208578148871944e-09,1,0.0,0.8987460187237662
lines,3,64,"(18, 18)","(18, 19)",2.977509106420391e-10,1,0.0,0.8921987387095305
lines,3,64,"(18, 19)","(19, 19)",3.6296069736461743e-10,1,0.0,0.8378229506426101
lines,3,64,"(19, 19)","(19, 20)",3.223754864509398e-10,1,0.0,0.8272999884414594
lines,3,64,"(19, 20)","(20, 20)",2.2515997996743994e-10,1,0.0,0.7768860852319176
lines,3,64,"(20, 20)","(20, 21)",9.640429733506375e-11,1,0.0,0.7624078668454558
lines,3,64,"(20, 21)","(21, 21)",1.5149192916436015e-10,1,0.0,0.7159486253158776
lines,3,64,"(21, 21)","(21, 22)",1.7529874298957567e-11,1,0.0,0.6975160122520038
lines,3,64,"(21, 22)","(22, 22)",7.222353118849677e-11,1,0.0,0.6550111333173573
lines,3,64,"(22, 22)","(22, 23)",4.3163708546634066e-11,1,0.0,0.6326241710912199
lines,3,64,"(22, 23)","(23, 23)",8.44875344026364e-13,1,0.0,0.5940736392789949
lines,3,64,"(23, 23)","(23, 24)",5.0933721077603754e-11,1,0.0,0.5677323307047436
lines,3,64,"(23, 24)","(24, 24)",1.7838684514358256e-11,1,0.0,0.5331361451043812
lines,3,64,"(24, 24)","(24, 25)",3.7312151434403734e-11,1,0.0,0.5028404903873843
lines,3,64,"(24, 25)","(25, 25)",1.847857759964604e-11,1,0.0,0.47219865092572033
lines,3,64,"(25, 25)","(25, 26)",3.4308250037756713e-12,1,0.0,0.4379486500577332
lines,3,64,"(25, 26)","(26, 26)",3.8324611334493696e-11,1,0.0,0.41126115674201175
lines,3,64,"(26, 26)","(26, 27)",5.1843841472244714e-11,1,0.0,0.3730568097093237
lines,3,64,"(26, 27)","(27, 27)",3.201175129525509e-11,1,0.0,0.35032366261134484
lines,3,64,"(27, 27)","(27, 28)",1.3046282930369687e-11,1,0.0,0.3081649691596431
lines,3,64,"(27, 28)","(28, 28)",4.51830789944245e-11,1,0.0,0.28938616903216824
lines,3,64,"(28, 28)","(28, 29)",1.654984235992808e-11,1,0.0,0.24327312483918376
lines,3,64,"(28, 29)","(29, 29)",5.608470783298618e-11,1,0.0,0.22844868451306866
lines,3,64,"(29, 29)","(29, 30)",2.0618496900506994e-11,1,0.0,0.1783812068490215
lines,3,64,"(29, 30)","(30, 30)",5.1871322611349375e-11,1,0.0,0.16751136500199665
lines,3,64,"(30, 30)","(30, 31)",2.3591061669048665e-10,1,0.0,0.11348750343182928
lines,3,64,"(30, 31)","(31, 31)",7.57718726186959e-11,1,0.0,0.10657778291194063
lines,3,64,"(31, 31)","(31, 32)",1.5892568348642365e-09,1,0.0,0.04853203294079322
lines,3,64,"(31, 32)","(32, 32)",9.153914689818873e-10,1,0.0,0.0457657601537403
lines,3,64,"(32, 32)","(33, 32)",0.1748324387772737,0,0.047890386597653184,0.982421875
lines,3,64,"(33, 32)","(33, 33)",0.38581940536930526,0,0.11518087604358611,0.986328125
lines,3,64,"(33, 33)","(34, 33)",2.7769705617937037e-09,1,0.0,0.9235551253490621
lines,3,64,"(34, 33)","(34, 34)",7.742797502980004e-09,1,0.0,0.9189148477479193
lines,3,64,"(34, 34)","(35, 34)",1.177949673125821e-09,1,0.0,0.8628157265732398
lines,3,64,"(35, 34)","(35, 35)",9.686304072525456e-10,1,0.0,0.8539257479641855
lines,3,64,"(35, 35)","(36, 35)",4.037490145256583e-10,1,0.0,0.8018858091504762
lines,3,64,"(36, 35)","(36, 36)",4.3981205319733564e-10,1,0.0,0.7890304199872799
lines,3,64,"(36, 36)","(37, 36)",1.73849223259449e-10,1,0.0,0.7409486962925849
lines,3,64,"(37, 36)","(37, 37)",4.6275035673876804e-11,1,0.0,0.724138416146352
lines,3,64,"(37, 37)","(38, 37)",6.863635370046795e-11,1,0.0,0.6800112249018866
lines,3,64,"(38, 37)","(38, 38)",2.732159782852553e-11,1,0.0,0.6592465667579654
lines,3,64,"(38, 38)","(39, 38)",4.132454241834282e-11,1,0.0,0.6190737322476343
lines,3,64,"(39, 38)","(39, 39)",3.912028887143334e-11,1,0.0,0.5943547258694525
lines,3,64,"(39, 39)","(40, 39)",5.312682894277982e-11,1,0.0,0.5581362381840791
lines,3,64,"(40, 39)","(40, 40)",5.784941803141145e-11,1,0.0,0.529462885519315
lines,3,64,"(40, 40)","(41, 40)",2.0919002134014826e-11,1,0.0,0.49719874399986563
lines,3,64,"(41, 40)","(41, 41)",2.0323944393559714e-11,1,0.0,0.46457104518442066
lines,3,64,"(41, 41)","(42, 41)",3.726278572559151e-11,1,0.0,0.4362612498204726
lines,3,64,"(42, 41)","(42, 42)",1.6829831169106256e-11,1,0.0,0.3996792048473162
lines,3,64,"(42, 42)","(43, 42)",8.269802864956712e-12,1,0.0,0.3753237556738622
lines,3,64,"(43, 42)","(43, 43)",2.054853909235784e-11,1,0.0,0.3347873643656385
lines,3,64,"(43, 43)","(44, 43)",3.8638922743693105e-11,1,0.0,0.3143862619135325
lines,3,64,"(44, 43)","(44, 44)",6.8015910075495095e-12,1,0.0,0.2698955214607395
lines,3,64,"(44, 44)","(45, 44)",7.1995370285472955e-12,1,0.0,0.25344877418371653
lines,3,64,"(45, 44)","(45, 45)",1.0743315865802377e-11,1,0.0,0.20500363392529836
lines,3,64,"(45, 45)","(46, 45)",3.560966382555381e-11,1,0.0,0.19251138933770562
lines,3,64,"(46, 45)","(46, 46)",9.756894668074925e-12,1,0.0,0.14011076704541664
lines,3,64,"(46, 46)","(47, 46)",1.0746092596570721e-10,1,0.0,0.13157611127719973
lines,3,64,"(47, 46)","(47, 47)",2.6690918845677273e-11,1,0.0,0.0751893537783144
lines,3,64,"(47, 47)","(48, 47)",6.696402390451356e-10,1,0.0,0.07069838913187595
lines,3,64,"(48, 47)","(48, 48)",0.0010694506246437035,0,0.0010694506246437035,0.008857050227416039
lines,3,64,"(48, 48)","(49, 48)",0.4932565538848281,0,0.15107777553294446,0.009765625
lines,3,64,"(49, 48)","(50, 48)",0.0003214609858333755,0,0.0003214609858333755,0.9486069698957089
lines,3,64,"(50, 48)","(50, 49)",5.00249363158784e-08,0,5.00249363158784e-08,0.9455139500631321
lines,3,64,"(50, 49)","(51, 49)",8.069209875946597e-10,1,0.0,0.8878187130136029
lines,3,64,"(51, 49)","(51, 50)",2.5731982406734044e-11,1,0.0,0.880546883150555
lines,3,64,"(51, 50)","(52, 50)",1.554448605235932e-10,1,0.0,0.8268860726590265
lines,3,64,"(52, 50)","(52, 51)",3.6971533978230133e-10,1,0.0,0.8156527454209117
lines,3,64,"(52, 51)","(53, 51)",1.3317950320336564e-10,1,0.0,0.7659488005034291
lines,3,64,"(53, 51)","(53, 52)",1.1693614510522857e-10,1,0.0,0.7507608070361038
lines,3,64,"(53, 52)","(54, 52)",6.30962883739746e-11,1,0.0,0.705011318774923
lines,3,64,"(54, 52)","(54, 53)",1.389113799570256e-10,1,0.0,0.6858689616267839
lines,3,64,"(54, 53)","(55, 53)",3.609922494341457e-11,1,0.0,0.644073825382302
lines,3,64,"(55, 53)","(55, 54)",1.2018229902024835e-11,1,0.0,0.6209771209823338
lines,3,64,"(55, 54)","(56, 54)",1.844677131474326e-12,1,0.0,0.5831363312721259
lines,3,64,"(56, 54)","(56, 55)",4.83830883538627e-12,1,0.0,0.5560852806033109
lines,3,64,"(56, 55)","(57, 55)",1.0804334220601244e-11,1,0.0,0.5221988372215673
lines,3,64,"(57, 55)","(57, 56)",2.2172326696380317e-11,1,0.0,0.491193439789904
lines,3,64,"(57, 56)","(58, 56)",1.4061938179951058e-11,1,0.0,0.4612613447105832
lines,3,64,"(58, 56)","(58, 57)",1.6932141987777588e-11,1,0.0,0.4263015922559862
lines,3,64,"(58, 57)","(59, 57)",8.77322644730658e-12,1,0.0,0.4003238726804193
lines,3,64,"(59, 57)","(59, 58)",7.286075353990587e-12,1,0.0,0.361409643771367
lines,3,64,"(59, 58)","(60, 58)",2.4654008767158526e-12,1,0.0,0.3393866818236711
lines,3,64,"(60, 58)","(60, 59)",8.319138407588363e-12,1,0.0,0.2965160910611939
lines,3,64,"(60, 59)","(61, 59)",1.790780338096397e-11,1,0.0,0.27845360352584064
lines,3,64,"(61, 59)","(61, 60)",4.648743001993554e-11,1,0.0,0.23159453619349735
lines,3,64,"(61, 60)","(62, 60)",1.1933648554465146e-11,1,0.0,0.21758705860029295
lines,3,64,"(62, 60)","(62, 61)",1.9980761491499383e-11,1,0.0,0.16610613976271452
lines,3,64,"(62, 61)","(63, 61)",7.827779040401686e-11,1,0.0,0.15798551306838818
lines,3,64,"(63, 61)","(63, 62)",1.2375487678424398e-10,1,0.0,0.08576828160590594
zalesak,2,64,"(22, 30)","(23, 30)",7.594537676418987e-11,1,0.0,0.6628226658708536
zalesak,2,64,"(22, 30)","(22, 31)",6.70739911602221e-11,2,0.0,0.047439921295522255
zalesak,2,64,"(22, 31)","(22, 32)",5.21470526456119e-12,2,0.0,0.11736327935057489
zalesak,2,64,"(22, 32)","(22, 33)",2.326302396498903e-11,2,0.0,0.08279538505961227
zalesak,2,64,"(22, 33)","(23, 33)",4.462654952763729e-11,2,0.0,0.6747032703154082
zalesak,2,64,"(23, 27)","(24, 27)",6.497420571069396e-11,1,0.0,0.6709685918313517
zalesak,2,64,"(23, 27)","(23, 28)",3.882729000927543e-12,2,0.0,0.1664758130384962
zalesak,2,64,"(23, 28)","(23, 29)",1.6638143439418857e-11,1,0.0,0.5807947655638873
zalesak,2,64,"(23, 29)","(23, 30)",8.525243895264875e-11,2,0.0,0.870666410590361
zalesak,2,64,"(23, 33)","(23, 34)",7.324373924320434e-10,2,0.0,0.9425755409660588
zalesak,2,64,"(23, 34)","(23, 35)",8.845570528294205e-12,1,0.0,0.6918544503816565
zalesak,2,64,"(23, 35)","(23, 36)",7.534452088459087e-12,1,0.0,0.32121339235670804
zalesak,2,64,"(23, 36)","(24, 36)",4.9540116403915524e-11,2,0.0,0.6665587092109445
zalesak,2,64,"(24, 26)","(25, 26)",1.0805435518903028e-10,1,0.0,0.15274769220610324
zalesak,2,64,"(24, 26)","(24, 27)",1.6272143342954435e-11,1,0.0,0.6085864876439518
zalesak,2,64,"(24, 36)","(24, 37)",5.574857905973058e-11,2,0.0,0.8145792007376985
zalesak,2,64,"(24, 37)","(24, 38)",1.2627274284510547e-10,2,0.0,0.14490319535783783
zalesak,2,64,"(24, 38)","(25, 38)",2.968581012339545e-11,1,0.0,0.18477660310510602
zalesak,2,64,"(25, 25)","(26, 25)",8.972597454081744e-11,1,0.0,0.08676426432275093
zalesak,2,64,"(25, 25)","(25, 26)",1.4626271363458055e-10,1,0.0,0.8745525747070769
zalesak,2,64,"(25, 38)","(25, 39)",4.451888514691765e-11,1,0.0,0.2637897635970421
zalesak,2,64,"(25, 39)","(26, 39)",4.745305099288123e-12,1,0.0,0.25075984747918484
zalesak,2,64,"(26, 24)","(27, 24)",1.0646422479302611e-11,1,0.0,0.28733310003196494
zalesak,2,64,"(26, 24)","(26, 25)",1.8772172885467756e-09,1,0.0,0.9039002714658955
zalesak,2,64,"(26, 39)","(26, 40)",8.219537599086478e-10,1,0.0,0.07148414294415943
zalesak,2,64,"(26, 40)","(27, 40)",4.5203147911940225e-10,2,0.0,0.05019818841628876
zalesak,2,64,"(27, 23)","(28, 23)",2.468373966803422e-12,1,0.0,0.6788136734557565
zalesak,2,64,"(27, 23)","(27, 24)",2.29239590785789e-11,1,0.0,0.5618022415948463
zalesak,2,64,"(27, 35)","(28, 35)",3.452161470336734e-11,2,0.0,0.3133222194076234
zalesak,2,64,"(27, 35)","(27, 36)",1.4830938901319733e-13,1,0.0,0.4304705965339781
zalesak,2,64,"(27, 36)","(28, 36)",2.350606807698739e-10,2,0.0,0.8452067288674107
zalesak,2,64,"(27, 40)","(28, 40)",2.6439383114252193e-11,1,0.0,0.658709017667029
zalesak,2,64,"(28, 23)","(29, 23)",8.978682593356499e-12,2,0.0,0.22216972577478372
zalesak,2,64,"(28, 34)","(29, 34)",2.219896694021162e-09,1,0.0,0.04604303633713698
zalesak,2,64,"(28, 34)","(28, 35)",4.6808969706236006e-11,1,0.0,0.7327939845819265
zalesak,2,64,"(28, 36)","(28, 37)",1.192211689590634e-10,1,0.0,0.6895608521552549
zalesak,2,64,"(28, 37)","(29, 37)",9.441509666514723e-12,1,0.0,0.6525082731934071
zalesak,2,64,"(28, 40)","(28, 41)",2.509458078723669e-11,1,0.0,0.28306146721234654
zalesak,2,64,"(28, 41)","(29, 41)",1.0365733913569253e-12,2,0.0,0.11535952660678049
zalesak,2,64,"(29, 22)","(30, 22)",2.6818394908140907e-10,2,0.0,0.8949367369069933
zalesak,2,64,"(29, 22)","(29, 23)",4.620391103365659e-11,1,0.0,0.3638144500972203
zalesak,2,64,"(29, 32)","(30, 32)",2.4239107770519024e-10,1,0.0,0.757048111436211
zalesak,2,64,"(29, 32)","(29, 33)",1.8161349347672718e-11,1,0.0,0.1884592401608188
zalesak,2,64,"(29, 33)","(29, 34)",0.0010253149610580585,0,0.0010253149610580585,0.9639449468242582
zalesak,2,64,"(29, 37)","(30, 37)",1.0503426919007333e-11,1,0.0,0.8119757840960483
zalesak,2,64,"(29, 41)","(30, 41)",5.621620384998292e-12,1,0.0,0.4425839329249993
zalesak,2,64,"(30, 22)","(31, 22)",1.5183401996910347e-11,1,0.0,0.6837091413996723
zalesak,2,64,"(30, 31)","(31, 31)",1.0175985826525154e-11,1,0.0,0.4677567154613007
zalesak,2,64,"(30, 31)","(30, 32)",1.6360463579386464e-11,1,0.0,0.41282219572255147
zalesak,2,64,"(30, 36)","(31, 36)",4.4184633865181977e-11,1,0.0,0.6785420629750933
zalesak,2,64,"(30, 36)","(30, 37)",2.687831682985159e-12,1,0.0,0.21977587329239667
zalesak,2,64,"(30, 41)","(31, 41)",2.1122780301425138e-11,1,0.0,0.6538153578000674
zalesak,2,64,"(31, 22)","(32, 22)",1.3024746938862608e-11,1,0.0,0.5808638623247634
zalesak,2,64,"(31, 30)","(32, 30)",1.5676572566627912e-11,1,0.0,0.17847169954480704
zalesak,2,64,"(31, 30)","(31, 31)",5.507760536806232e-11,1,0.0,0.6371971156920335
zalesak,2,64,"(31, 35)","(32, 35)",6.056148377552467e-11,1,0.0,0.399135085035673
zalesak,2,64,"(31, 35)","(31, 36)",2.777811458649804e-12,1,0.0,0.4635418713371473
zalesak,2,64,"(31, 41)","(32, 41)",3.6225500366128286e-11,2,0.0,0.7566731768732189
zalesak,2,64,"(32, 22)","(33, 22)",2.978140845302169e-11,1,0.0,0.5826822302455094
zalesak,2,64,"(32, 28)","(33, 28)",1.9916554701699228e-09,1,0.0,0.8891878746675593
zalesak,2,64,"(32, 28)","(32, 29)",3.3677323099471667e-10,1,0.0,0.08594941746187942
zalesak,2,64,"(32, 29)","(32, 30)",6.54970653801665e-10,1,0.0,0.8615730582985452
zalesak,2,64,"(32, 34)","(33, 34)",1.4224152887833547e-11,1,0.0,0.11042643488983231
zalesak,2,64,"(32, 34)","(32, 35)",2.06704526636045e-11,1,0.0,0.6898035925593012
zalesak,2,64,"(32, 41)","(33, 41)",4.609504614184008e-12,2,0.0,0.7548012449809175
zalesak,2,64,"(33, 22)","(34, 22)",1.5506170814135014e-11,1,0.0,0.6901248509300786
zalesak,2,64,"(33, 27)","(34, 27)",3.277779251390964e-11,1,0.0,0.5999348491643423
zalesak,2,64,"(33, 27)","(33, 28)",7.053629699133328e-12,1,0.0,0.31033395880142506
zalesak,2,64,"(33, 32)","(34, 32)",6.274346942188105e-10,1,0.0,0.8211563311157488
zalesak,2,64,"(33, 32)","(33, 33)",7.536960061947214e-12,1,0.0,0.13871608509141878
zalesak,2,64,"(33, 33)","(33, 34)",7.736491658881666e-10,1,0.0,0.9143345576788579
zalesak,2,64,"(33, 41)","(34, 41)",2.0953282231726994e-11,1,0.0,0.6475626718604326
zalesak,2,64,"(34, 22)","(35, 22)",9.487896095929236e-10,2,0.0,0.903401972878105
zalesak,2,64,"(34, 26)","(35, 26)",4.1044989965855745e-12,1,0.0,0.3112026803602066
zalesak,2,64,"(34, 26)","(34, 27)",1.1344470643400464e-11,1,0.0,0.5348136132574473
zalesak,2,64,"(34, 31)","(35, 31)",7.626804737277333e-12,1,0.0,0.5318715143231839
zalesak,2,64,"(34, 31)","(34, 32)",5.420809619626451e-12,1,0.0,0.3630917329868771
zalesak,2,64,"(34, 41)","(35, 41)",5.9555797258817654e-12,1,0.0,0.43350263239765807
zalesak,2,64,"(35, 22)","(35, 23)",1.899104007169287e-10,1,0.0,0.6873008548729104
zalesak,2,64,"(35, 23)","(36, 23)",1.4542883741094908e-11,1,0.0,0.21349746972067807
zalesak,2,64,"(35, 25)","(36, 25)",5.157913794437485e-11,1,0.0,0.032826663700006975
zalesak,2,64,"(35, 25)","(35, 26)",9.410511481220465e-11,1,0.0,0.7603381829776891
zalesak,2,64,"(35, 30)","(36, 30)",1.3566750667063984e-11,1,0.0,0.2425872985123351
zalesak,2,64,"(35, 30)","(35, 31)",4.082223923302444e-11,1,0.0,0.58746783041649
zalesak,2,64,"(35, 41)","(36, 41)",7.610538798750555e-11,2,0.0,0.09630669889505952
zalesak,2,64,"(36, 23)","(37, 23)",7.863299888330344e-05,0,7.863299888330344e-05,0.9624057555930995
zalesak,2,64,"(36, 24)","(36, 25)",0.9423212563651795,0,0.0018926731115045546,0.982421875
zalesak,2,64,"(36, 28)","(37, 28)",1.8840128108936934e-05,0,1.8840128108936934e-05,0.9532823989591498
zalesak,2,64,"(36, 28)","(36, 29)",3.730242810397622e-09,1,0.0,0.03621250669721121
zalesak,2,64,"(36, 29)","(36, 30)",1.203157385125449e-10,1,0.0,0.8118446714357241
zalesak,2,64,"(36, 40)","(37, 40)",1.355451179609827e-11,1,0.0,0.541600484821156
zalesak,2,64,"(36, 40)","(36, 41)",1.4007611567642608e-10,1,0.0,0.7252701604488903
zalesak,2,64,"(37, 27)","(38, 27)",1.0116511531305312e-10,1,0.0,0.6621868689166831
zalesak,2,64,"(37, 27)","(37, 28)",7.608371795995362e-12,1,0.0,0.2600721555322207
zalesak,2,64,"(37, 40)","(38, 40)",2.353066792650192e-13,2,0.0,0.7479649798258424
zalesak,2,64,"(38, 26)","(39, 26)",1.0852617004167244e-11,1,0.0,0.33634053394106106
zalesak,2,64,"(38, 26)","(38, 27)",2.2995877506761006e-11,1,0.0,0.47749905843892976
zalesak,2,64,"(38, 39)","(39, 39)",1.8859344740402402e-11,1,0.0,0.20356706929685514
zalesak,2,64,"(38, 39)","(38, 40)",3.742201835773991e-12,2,0.0,0.8507441376368342
zalesak,2,64,"(39, 26)","(40, 26)",1.0103762883457549e-12,1,0.0,0.2385639166904957
zalesak,2,64,"(39, 38)","(40, 38)",1.0643256441516033e-10,1,0.0,0.13708608181823365
zalesak,2,64,"(39, 38)","(39, 39)",2.0777218621617903e-10,1,0.0,0.7684772745098463
zalesak,2,64,"(40, 26)","(40, 27)",6.243710772143858e-12,1,0.0,0.4218691524267797
zalesak,2,64,"(40, 27)","(41, 27)",1.8160347664155385e-10,1,0.0,0.7445575939728587
zalesak,2,64,"(40, 36)","(41, 36)",1.1480752953281824e-10,1,0.0,0.5947113059525418
zalesak,2,64,"(40, 36)","(40, 37)",2.4390854816149475e-13,2,0.0,0.22314622464083642
zalesak,2,64,"(40, 37)","(40, 38)",9.64175463518909e-11,2,0.0,0.8926295964808242
zalesak,2,64,"(41, 27)","(41, 28)",1.988355426276299e-10,2,0.0,0.8711044994264922
zalesak,2,64,"(41, 28)","(41, 29)",1.532162341996423e-11,1,0.0,0.45477026078191557
zalesak,2,64,"(41, 29)","(41, 30)",1.5271765711975447e-11,2,0.0,0.17526840408230782
zalesak,2,64,"(41, 30)","(42, 30)",1.0270642869715427e-11,2,0.0,0.7714641781775026
zalesak,2,64,"(41, 33)","(42, 33)",3.677261821869659e-11,1,0.0,0.3847774103165102
zalesak,2,64,"(41, 33)","(41, 34)",8.860687589508743e-14,2,0.0,0.09395422652762137
zalesak,2,64,"(41, 34)","(41, 35)",2.9585626835315095e-12,1,0.0,0.346174160326309
zalesak,2,64,"(41, 35)","(41, 36)",2.8319044067927202e-11,2,0.0,0.7164251689704361
zalesak,2,64,"(42, 30)","(42, 31)",4.824654103310534e-11,2,0.0,0.5356083675465471
zalesak,2,64,"(42, 31)","(42, 32)",4.4380009107697466e-11,2,0.0,0.9971666222250406
zalesak,2,64,"(42, 32)","(42, 33)",8.285867319150702e-10,2,0.0,0.9429430137416329
