method,variant,benchmark,case_index,random_seed,cells_per_side,cell_size,runtime_seconds,mixed_cells,reconstructed_cells,paper_fallback_cells,unsupported_cells,unresolved_cells,optimizer_failures,sampled_hausdorff,sampled_reconstruction_to_truth,shared_edge_gap_mean,shared_edge_gap_max,unmatched_crossings,conservation_mean_absolute_residual,conservation_max_absolute_residual,curvature_estimator_mean_absolute_error,curvature_estimator_median_absolute_error,curvature_estimator_max_absolute_error,curvature_estimator_samples,parameters_json,status_message,conservative_fallback_cells,unresolved_events,joins,c1_updates,c1_misses,curvature_updates,vertex_jumps,sweeps_completed,sweep_converged,policy_json,unresolved_json
QUASI,QUASI (frozen Cartesian port),lines,0,42,32,3.125,0.4751175409999999,32,32,0,0,0,0,1.1378812762316741,1.1378812762316741,0.0,0.0,0,0.0,0.0,0.03557865611748795,2.2153835665104938e-05,0.43946309953121715,32,"{""benchmark"": ""lines"", ""canonical_case_count"": 25, ""case_index"": 0, ""parameters"": {""angle"": 0.0, ""p_left"": [50.773956048555966, 50.43887843975205], ""p_right"": [50.97395604855597, 50.43887843975205]}, ""random_seed"": 42}",complete_with_reported_fallback,0,0,31,310,0,0,0,10,False,"{""boundary"": ""retain open physical-boundary endpoints"", ""convergence_tolerance"": 1e-11, ""fallback"": ""retain-area-preserving-quadratic"", ""max_sweeps"": 10, ""multiple_root"": ""least displacement from the current predictor"", ""target_neighbor"": ""triggering eligible neighbor, then nearest eligible 8-neighbor; tangent alignment and lexicographic index break ties"", ""update_order"": ""lexicographic Gauss-Seidel""}",[]
QUASI,QUASI (frozen Cartesian port),lines,0,42,64,1.5625,0.9458001249999999,64,64,0,0,0,0,0.6169037716010521,0.6169037716010521,0.0,0.0,0,0.0,0.0,0.03739315674504856,1.1444091796875e-11,0.9301244938626159,64,"{""benchmark"": ""lines"", ""canonical_case_count"": 25, ""case_index"": 0, ""parameters"": {""angle"": 0.0, ""p_left"": [50.773956048555966, 50.43887843975205], ""p_right"": [50.97395604855597, 50.43887843975205]}, ""random_seed"": 42}",complete_with_reported_fallback,0,0,63,630,0,0,0,10,False,"{""boundary"": ""retain open physical-boundary endpoints"", ""convergence_tolerance"": 1e-11, ""fallback"": ""retain-area-preserving-quadratic"", ""max_sweeps"": 10, ""multiple_root"": ""least displacement from the current predictor"", ""target_neighbor"": ""triggering eligible neighbor, then nearest eligible 8-neighbor; tangent alignment and lexicographic index break ties"", ""update_order"": ""lexicographic Gauss-Seidel""}",[]
QUASI,QUASI (frozen Cartesian port),lines,0,42,128,0.78125,1.6266891250000004,128,128,0,0,0,0,0.24433218673140544,0.24433218673140544,0.0,0.0,0,0.0,0.0,0.03208613089587167,8.58306884765625e-12,1.5674733443360365,128,"{""benchmark"": ""lines"", ""canonical_case_count"": 25, ""case_index"": 0, ""parameters"": {""angle"": 0.0, ""p_left"": [50.773956048555966, 50.43887843975205], ""p_right"": [50.97395604855597, 50.43887843975205]}, ""random_seed"": 42}",complete_with_reported_fallback,0,0,127,1270,0,0,0,10,False,"{""boundary"": ""retain open physical-boundary endpoints"", ""convergence_tolerance"": 1e-11, ""fallback"": ""retain-area-preserving-quadratic"", ""max_sweeps"": 10, ""multiple_root"": ""least displacement from the current predictor"", ""target_neighbor"": ""triggering eligible neighbor, then nearest eligible 8-neighbor; tangent alignment and lexicographic index break ties"", ""update_order"": ""lexicographic Gauss-Seidel""}",[]
QUASI,QUASI (frozen Cartesian port),lines,1,42,32,3.125,0.5363338340000006,40,40,0,0,0,0,1.554857296520028,1.554857296520028,0.0,0.0,0,0.0,0.0,0.14096027000180683,9.645087159024224e-05,1.5145552940092675,40,"{""benchmark"": ""lines"", ""canonical_case_count"": 25, ""case_index"": 1, ""parameters"": {""angle"": 0.25132741228718347, ""p_left"": [50.85859791991138, 50.69736802905936], ""p_right"": [51.058597919911385, 50.74871930113291]}, ""random_seed"": 42}",complete_with_reported_fallback,0,0,39,390,0,0,0,10,False,"{""boundary"": ""retain open physical-boundary endpoints"", ""convergence_tolerance"": 1e-11, ""fallback"": ""retain-area-preserving-quadratic"", ""max_sweeps"": 10, ""multiple_root"": ""least displacement from the current predictor"", ""target_neighbor"": ""triggering eligible neighbor, then nearest eligible 8-neighbor; tangent alignment and lexicographic index break ties"", ""update_order"": ""lexicographic Gauss-Seidel""}",[]
QUASI,QUASI (frozen Cartesian port),lines,1,42,64,1.5625,1.3108380410000011,80,80,0,0,0,0,0.7974530169291894,0.7974530169291894,0.0,0.0,0,2.4286128663675298e-18,1.1102230246251565e-16,0.2231727567803569,5.027490833511878e-05,2.3512549090662427,80,"{""benchmark"": ""lines"", ""canonical_case_count"": 25, ""case_index"": 1, ""parameters"": {""angle"": 0.25132741228718347, ""p_left"": [50.85859791991138, 50.69736802905936], ""p_right"": [51.058597919911385, 50.74871930113291]}, ""random_seed"": 42}",complete_with_reported_fallback,0,0,79,789,1,0,0,10,False,"{""boundary"": ""retain open physical-boundary endpoints"", ""convergence_tolerance"": 1e-11, ""fallback"": ""retain-area-preserving-quadratic"", ""max_sweeps"": 10, ""multiple_root"": ""least displacement from the current predictor"", ""target_neighbor"": ""triggering eligible neighbor, then nearest eligible 8-neighbor; tangent alignment and lexicographic index break ties"", ""update_order"": ""lexicographic Gauss-Seidel""}",[]
QUASI,QUASI (frozen Cartesian port),lines,1,42,128,0.78125,2.2723090829999997,161,161,0,0,0,0,0.38348473313753295,0.38348473313753295,0.0,0.0,0,2.585923194002694e-19,1.3877787807814457e-17,0.4920646386407421,0.00011517346517188679,9.227682973170202,161,"{""benchmark"": ""lines"", ""canonical_case_count"": 25, ""case_index"": 1, ""parameters"": {""angle"": 0.25132741228718347, ""p_left"": [50.85859791991138, 50.69736802905936], ""p_right"": [51.058597919911385, 50.74871930113291]}, ""random_seed"": 42}",complete_with_reported_fallback,0,0,160,1598,2,0,0,10,False,"{""boundary"": ""retain open physical-boundary endpoints"", ""convergence_tolerance"": 1e-11, ""fallback"": ""retain-area-preserving-quadratic"", ""max_sweeps"": 10, ""multiple_root"": ""least displacement from the current predictor"", ""target_neighbor"": ""triggering eligible neighbor, then nearest eligible 8-neighbor; tangent alignment and lexicographic index break ties"", ""update_order"": ""lexicographic Gauss-Seidel""}",[]
QUASI,QUASI (frozen Cartesian port),lines,2,42,32,3.125,0.6897490830000006,50,48,2,0,0,0,1.7980282694162788,1.7980282694162788,0.0,0.0,1,5.551115123125783e-18,1.1102230246251565e-16,0.1630890091839787,0.00616168479707846,1.3927758736608864,50,"{""benchmark"": ""lines"", ""canonical_case_count"": 25, ""case_index"": 2, ""parameters"": {""angle"": 0.5026548245743669, ""p_left"": [50.09417734788765, 50.97562235163676], ""p_right"": [50.294177347887654, 51.08557328207531]}, ""random_seed"": 42}",complete_with_reported_fallback,2,1,48,480,0,0,0,10,False,"{""boundary"": ""retain open physical-boundary endpoints"", ""convergence_tolerance"": 1e-11, ""fallback"": ""retain-area-preserving-quadratic"", ""max_sweeps"": 10, ""multiple_root"": ""least displacement from the current predictor"", ""target_neighbor"": ""triggering eligible neighbor, then nearest eligible 8-neighbor; tangent alignment and lexicographic index break ties"", ""update_order"": ""lexicographic Gauss-Seidel""}","[""Section 2.5 fallback retained a conservative local quadratic for multiply claimed endpoint ((0, 8), (1, 8))""]"
QUASI,QUASI (frozen Cartesian port),lines,2,42,64,1.5625,1.3807456669999993,100,99,0,0,1,0,0.8976338703352605,0.8976338703352605,0.0,0.0,0,4.2141514744689105e-18,1.1102230246251565e-16,0.297996757284733,0.008523372141757577,2.08822075141371,99,"{""benchmark"": ""lines"", ""canonical_case_count"": 25, ""case_index"": 2, ""parameters"": {""angle"": 0.5026548245743669, ""p_left"": [50.09417734788765, 50.97562235163676], ""p_right"": [50.294177347887654, 51.08557328207531]}, ""random_seed"": 42}",complete_with_reported_fallback,0,0,98,980,0,0,0,10,False,"{""boundary"": ""retain open physical-boundary endpoints"", ""convergence_tolerance"": 1e-11, ""fallback"": ""retain-area-preserving-quadratic"", ""max_sweeps"": 10, ""multiple_root"": ""least displacement from the current predictor"", ""target_neighbor"": ""triggering eligible neighbor, then nearest eligible 8-neighbor; tangent alignment and lexicographic index break ties"", ""update_order"": ""lexicographic Gauss-Seidel""}",[]
QUASI,QUASI (frozen Cartesian port),lines,2,42,128,0.78125,2.800591624999999,199,197,2,0,0,0,0.4486182751243281,0.4486182751243281,0.0,0.0,1,8.380773828270489e-19,5.551115123125783e-17,0.4893162886316772,0.009965607013287655,4.085211535249839,199,"{""benchmark"": ""lines"", ""canonical_case_count"": 25, ""case_index"": 2, ""parameters"": {""angle"": 0.5026548245743669, ""p_left"": [50.09417734788765, 50.97562235163676], ""p_right"": [50.294177347887654, 51.08557328207531]}, ""random_seed"": 42}",complete_with_reported_fallback,2,1,197,1960,10,0,0,10,False,"{""boundary"": ""retain open physical-boundary endpoints"", ""convergence_tolerance"": 1e-11, ""fallback"": ""retain-area-preserving-quadratic"", ""max_sweeps"": 10, ""multiple_root"": ""least displacement from the current predictor"", ""target_neighbor"": ""triggering eligible neighbor, then nearest eligible 8-neighbor; tangent alignment and lexicographic index break ties"", ""update_order"": ""lexicographic Gauss-Seidel""}","[""Section 2.5 fallback retained a conservative local quadratic for multiply claimed endpoint ((0, 30), (1, 30))""]"
QUASI,QUASI (frozen Cartesian port),lines,3,42,32,3.125,0.8746705420000005,63,61,2,0,0,0,2.97802241065684,2.97802241065684,0.0,0.0,1,0.0,0.0,0.0271978416102636,1.1840829345446968e-07,0.5305459783648174,63,"{""benchmark"": ""lines"", ""canonical_case_count"": 25, ""case_index"": 3, ""parameters"": {""angle"": 0.7539822368615504, ""p_left"": [50.76113970199035, 50.78606430527695], ""p_right"": [50.961139701990355, 50.97387680644045]}, ""random_seed"": 42}",complete_with_reported_fallback,2,1,61,573,37,0,0,10,False,"{""boundary"": ""retain open physical-boundary endpoints"", ""convergence_tolerance"": 1e-11, ""fallback"": ""retain-area-preserving-quadratic"", ""max_sweeps"": 10, ""multiple_root"": ""least displacement from the current predictor"", ""target_neighbor"": ""triggering eligible neighbor, then nearest eligible 8-neighbor; tangent alignment and lexicographic index break ties"", ""update_order"": ""lexicographic Gauss-Seidel""}","[""Section 2.5 fallback retained a conservative local quadratic for multiply claimed endpoint ((0, 1), (1, 1))""]"
QUASI,QUASI (frozen Cartesian port),lines,3,42,64,1.5625,1.7807491659999997,125,123,2,0,0,0,1.0648707274722702,1.0648707274722702,0.0,0.0,1,0.0,0.0,0.2541388934384027,2.3550361302035432e-07,20.09298505802767,125,"{""benchmark"": ""lines"", ""canonical_case_count"": 25, ""case_index"": 3, ""parameters"": {""angle"": 0.7539822368615504, ""p_left"": [50.76113970199035, 50.78606430527695], ""p_right"": [50.961139701990355, 50.97387680644045]}, ""random_seed"": 42}",complete_with_reported_fallback,2,1,123,1144,86,0,0,10,False,"{""boundary"": ""retain open physical-boundary endpoints"", ""convergence_tolerance"": 1e-11, ""fallback"": ""retain-area-preserving-quadratic"", ""max_sweeps"": 10, ""multiple_root"": ""least displacement from the current predictor"", ""target_neighbor"": ""triggering eligible neighbor, then nearest eligible 8-neighbor; tangent alignment and lexicographic index break ties"", ""update_order"": ""lexicographic Gauss-Seidel""}","[""Section 2.5 fallback retained a conservative local quadratic for multiply claimed endpoint ((0, 2), (1, 2))""]"
QUASI,QUASI (frozen Cartesian port),lines,3,42,128,0.78125,3.6423354580000016,249,247,2,0,0,0,0.5300836210550217,0.5300836210550217,0.0,0.0,1,0.0,0.0,1.2468756493510162,3.01461491023643e-07,134.08330635532607,249,"{""benchmark"": ""lines"", ""canonical_case_count"": 25, ""case_index"": 3, ""parameters"": {""angle"": 0.7539822368615504, ""p_left"": [50.76113970199035, 50.78606430527695], ""p_right"": [50.961139701990355, 50.97387680644045]}, ""random_seed"": 42}",complete_with_reported_fallback,2,1,247,2285,185,0,0,10,False,"{""boundary"": ""retain open physical-boundary endpoints"", ""convergence_tolerance"": 1e-11, ""fallback"": ""retain-area-preserving-quadratic"", ""max_sweeps"": 10, ""multiple_root"": ""least displacement from the current predictor"", ""target_neighbor"": ""triggering eligible neighbor, then nearest eligible 8-neighbor; tangent alignment and lexicographic index break ties"", ""update_order"": ""lexicographic Gauss-Seidel""}","[""Section 2.5 fallback retained a conservative local quadratic for multiply claimed endpoint ((0, 4), (1, 4))""]"
QUASI,QUASI (frozen Cartesian port),lines,4,42,32,3.125,0.7228046669999983,53,51,2,0,0,0,1.8754226469933866,1.8754226469933866,0.0,0.0,1,8.3790416952842e-18,4.440892098500626e-16,0.1552134344168022,0.018106005449077495,1.1685294463794613,53,"{""benchmark"": ""lines"", ""canonical_case_count"": 25, ""case_index"": 4, ""parameters"": {""angle"": 1.0053096491487339, ""p_left"": [50.12811363267554, 50.45038593789557], ""p_right"": [50.328113632675546, 50.7655355098893]}, ""random_seed"": 42}",complete_with_reported_fallback,2,1,51,508,2,0,0,10,False,"{""boundary"": ""retain open physical-boundary endpoints"", ""convergence_tolerance"": 1e-11, ""fallback"": ""retain-area-preserving-quadratic"", ""max_sweeps"": 10, ""multiple_root"": ""least displacement from the current predictor"", ""target_neighbor"": ""triggering eligible neighbor, then nearest eligible 8-neighbor; tangent alignment and lexicographic index break ties"", ""update_order"": ""lexicographic Gauss-Seidel""}","[""Section 2.5 fallback retained a conservative local quadratic for multiply claimed endpoint ((25, 31), (26, 31))""]"
QUASI,QUASI (frozen Cartesian port),lines,4,42,64,1.5625,1.477628750000001,105,103,2,0,0,0,0.9455944003177825,0.9455944003177825,0.0,0.0,1,1.5860328923216522e-18,1.1102230246251565e-16,0.2790082598443183,0.02839230232384977,2.3326890370015656,105,"{""benchmark"": ""lines"", ""canonical_case_count"": 25, ""case_index"": 4, ""parameters"": {""angle"": 1.0053096491487339, ""p_left"": [50.12811363267554, 50.45038593789557], ""p_right"": [50.328113632675546, 50.7655355098893]}, ""random_seed"": 42}",complete_with_reported_fallback,2,1,103,1025,5,0,0,10,False,"{""boundary"": ""retain open physical-boundary endpoints"", ""convergence_tolerance"": 1e-11, ""fallback"": ""retain-area-preserving-quadratic"", ""max_sweeps"": 10, ""multiple_root"": ""least displacement from the current predictor"", ""target_neighbor"": ""triggering eligible neighbor, then nearest eligible 8-neighbor; tangent alignment and lexicographic index break ties"", ""update_order"": ""lexicographic Gauss-Seidel""}","[""Section 2.5 fallback retained a conservative local quadratic for multiply claimed endpoint ((51, 63), (52, 63))""]"
QUASI,QUASI (frozen Cartesian port),lines,4,42,128,0.78125,3.17649475,209,209,0,0,0,0,0.47175509063165394,0.47175509063165394,0.0,0.0,0,6.640089860198305e-19,5.551115123125783e-17,0.6140120890507338,0.010525559363328468,37.95222100051228,209,"{""benchmark"": ""lines"", ""canonical_case_count"": 25, ""case_index"": 4, ""parameters"": {""angle"": 1.0053096491487339, ""p_left"": [50.12811363267554, 50.45038593789557], ""p_right"": [50.328113632675546, 50.7655355098893]}, ""random_seed"": 42}",complete_with_reported_fallback,0,0,208,2076,4,1,0,10,False,"{""boundary"": ""retain open physical-boundary endpoints"", ""convergence_tolerance"": 1e-11, ""fallback"": ""retain-area-preserving-quadratic"", ""max_sweeps"": 10, ""multiple_root"": ""least displacement from the current predictor"", ""target_neighbor"": ""triggering eligible neighbor, then nearest eligible 8-neighbor; tangent alignment and lexicographic index break ties"", ""update_order"": ""lexicographic Gauss-Seidel""}",[]
QUASI,QUASI (frozen Cartesian port),squares,0,42,32,3.125,0.28266800000000103,15,9,6,0,0,0,0.7359671598993037,0.7359671598993037,0.0,0.0,2,7.401486830834377e-18,1.1102230246251565e-16,0.3492176766489538,0.21491675021737006,1.073480228760206,15,"{""benchmark"": ""squares"", ""canonical_case_count"": 25, ""case_index"": 0, ""parameters"": {""center"": [50.773956048555966, 50.43887843975205], ""side_length"": 10.0, ""theta"": 1.3486824587905384, ""vertices"": [[54.54966559017056, 44.46024837448121], [56.75258611382681, 54.21458798136665], [46.99824650694137, 56.417508505022894], [44.795325983285124, 46.66316889813746]]}, ""random_seed"": 42}",complete_with_reported_fallback,6,3,13,130,0,0,0,10,False,"{""boundary"": ""retain open physical-boundary endpoints"", ""convergence_tolerance"": 1e-11, ""fallback"": ""retain-area-preserving-quadratic"", ""max_sweeps"": 10, ""multiple_root"": ""least displacement from the current predictor"", ""target_neighbor"": ""triggering eligible neighbor, then nearest eligible 8-neighbor; tangent alignment and lexicographic index break ties"", ""update_order"": ""lexicographic Gauss-Seidel""}","[""Section 2.5 fallback retained a conservative local quadratic for multiply claimed endpoint ((15, 17), (15, 18))"", ""Section 2.5 fallback retained a conservative local quadratic for multiply claimed endpoint ((17, 16), (18, 16))"", ""Section 2.5 fallback retained a conservative local quadratic for multiply claimed endpoint ((17, 17), (18, 17))""]"
QUASI,QUASI (frozen Cartesian port),squares,0,42,64,1.5625,0.47238745800000004,31,28,3,0,0,0,0.7843710065051709,0.7843710065051709,0.0,0.0,1,4.476705744456276e-19,1.3877787807814457e-17,0.5343723602638323,0.1644457970852874,3.517425860268919,31,"{""benchmark"": ""squares"", ""canonical_case_count"": 25, ""case_index"": 0, ""parameters"": {""center"": [50.773956048555966, 50.43887843975205], ""side_length"": 10.0, ""theta"": 1.3486824587905384, ""vertices"": [[54.54966559017056, 44.46024837448121], [56.75258611382681, 54.21458798136665], [46.99824650694137, 56.417508505022894], [44.795325983285124, 46.66316889813746]]}, ""random_seed"": 42}",complete_with_reported_fallback,3,2,30,299,1,0,0,10,False,"{""boundary"": ""retain open physical-boundary endpoints"", ""convergence_tolerance"": 1e-11, ""fallback"": ""retain-area-preserving-quadratic"", ""max_sweeps"": 10, ""multiple_root"": ""least displacement from the current predictor"", ""target_neighbor"": ""triggering eligible neighbor, then nearest eligible 8-neighbor; tangent alignment and lexicographic index break ties"", ""update_order"": ""lexicographic Gauss-Seidel""}","[""Section 2.5 fallback retained a conservative local quadratic for multiply claimed endpoint ((30, 35), (30, 36))"", ""Section 2.5 correction retained the area-preserving local quadratic in (35, 33) (no-common-edge-endpoint)""]"
QUASI,QUASI (frozen Cartesian port),squares,0,42,128,0.78125,0.8419441670000012,61,55,6,0,0,0,0.6422591390549787,0.6422591390549787,0.0,0.0,3,5.687617954022318e-19,2.7755575615628914e-17,0.8760535890556906,0.05359086882579496,9.827571908628022,61,"{""benchmark"": ""squares"", ""canonical_case_count"": 25, ""case_index"": 0, ""parameters"": {""center"": [50.773956048555966, 50.43887843975205], ""side_length"": 10.0, ""theta"": 1.3486824587905384, ""vertices"": [[54.54966559017056, 44.46024837448121], [56.75258611382681, 54.21458798136665], [46.99824650694137, 56.417508505022894], [44.795325983285124, 46.66316889813746]]}, ""random_seed"": 42}",complete_with_reported_fallback,6,3,59,589,1,0,0,10,False,"{""boundary"": ""retain open physical-boundary endpoints"", ""convergence_tolerance"": 1e-11, ""fallback"": ""retain-area-preserving-quadratic"", ""max_sweeps"": 10, ""multiple_root"": ""least displacement from the current predictor"", ""target_neighbor"": ""triggering eligible neighbor, then nearest eligible 8-neighbor; tangent alignment and lexicographic index break ties"", ""update_order"": ""lexicographic Gauss-Seidel""}","[""Section 2.5 fallback retained a conservative local quadratic for multiply claimed endpoint ((60, 71), (60, 72))"", ""Section 2.5 fallback retained a conservative local quadratic for multiply claimed endpoint ((61, 71), (61, 72))"", ""Section 2.5 fallback retained a conservative local quadratic for multiply claimed endpoint ((69, 56), (69, 57))""]"
QUASI,QUASI (frozen Cartesian port),squares,1,42,32,3.125,0.14353837499999855,13,10,3,0,0,0,1.1890621616690504,0.48035219871091445,0.0,0.0,1,0.0,0.0,0.29588116612913196,0.11683314692269775,0.8392319864453311,13,"{""benchmark"": ""squares"", ""canonical_case_count"": 25, ""case_index"": 1, ""parameters"": {""center"": [50.69736802905936, 50.09417734788765], ""side_length"": 10.833333333333334, ""theta"": 1.532504006290015, ""vertices"": [[55.90269789635846, 44.47411537953183], [56.317429997415175, 55.29950721518676], [45.49203816176026, 55.71423931624347], [45.07730606070355, 44.888847480588545]]}, ""random_seed"": 42}",complete_with_reported_fallback,3,2,11,110,0,0,0,10,False,"{""boundary"": ""retain open physical-boundary endpoints"", ""convergence_tolerance"": 1e-11, ""fallback"": ""retain-area-preserving-quadratic"", ""max_sweeps"": 10, ""multiple_root"": ""least displacement from the current predictor"", ""target_neighbor"": ""triggering eligible neighbor, then nearest eligible 8-neighbor; tangent alignment and lexicographic index break ties"", ""update_order"": ""lexicographic Gauss-Seidel""}","[""Section 2.5 correction retained the area-preserving local quadratic in (17, 16) (no-common-edge-endpoint)"", ""Section 2.5 fallback retained a conservative local quadratic for multiply claimed endpoint ((17, 17), (18, 17))""]"
QUASI,QUASI (frozen Cartesian port),squares,1,42,64,1.5625,0.41138824999999457,30,26,4,0,0,0,1.488598104377559,1.488598104377559,0.0,0.0,1,1.1564823173178714e-19,3.469446951953614e-18,0.8036159118048346,0.06844163192837502,7.277112404394046,30,"{""benchmark"": ""squares"", ""canonical_case_count"": 25, ""case_index"": 1, ""parameters"": {""center"": [50.69736802905936, 50.09417734788765], ""side_length"": 10.833333333333334, ""theta"": 1.532504006290015, ""vertices"": [[55.90269789635846, 44.47411537953183], [56.317429997415175, 55.29950721518676], [45.49203816176026, 55.71423931624347], [45.07730606070355, 44.888847480588545]]}, ""random_seed"": 42}",complete_with_reported_fallback,4,2,29,290,0,0,0,10,False,"{""boundary"": ""retain open physical-boundary endpoints"", ""convergence_tolerance"": 1e-11, ""fallback"": ""retain-area-preserving-quadratic"", ""max_sweeps"": 10, ""multiple_root"": ""least displacement from the current predictor"", ""target_neighbor"": ""triggering eligible neighbor, then nearest eligible 8-neighbor; tangent alignment and lexicographic index break ties"", ""update_order"": ""lexicographic Gauss-Seidel""}","[""Section 2.5 fallback retained a conservative local quadratic for multiply claimed endpoint ((35, 34), (36, 34))"", ""Section 2.5 fallback retained a conservative local quadratic for multiply claimed endpoint ((35, 35), (36, 35))""]"
QUASI,QUASI (frozen Cartesian port),squares,1,42,128,0.78125,0.8871822079999987,60,60,0,0,0,0,0.1911966274207354,0.13513344711857647,0.0,0.0,0,3.614007241618348e-21,2.168404344971009e-19,0.3552161384904617,0.011090070577545148,4.513931196868993,60,"{""benchmark"": ""squares"", ""canonical_case_count"": 25, ""case_index"": 1, ""parameters"": {""center"": [50.69736802905936, 50.09417734788765], ""side_length"": 10.833333333333334, ""theta"": 1.532504006290015, ""vertices"": [[55.90269789635846, 44.47411537953183], [56.317429997415175, 55.29950721518676], [45.49203816176026, 55.71423931624347], [45.07730606070355, 44.888847480588545]]}, ""random_seed"": 42}",complete_with_reported_fallback,0,0,60,600,0,0,0,10,False,"{""boundary"": ""retain open physical-boundary endpoints"", ""convergence_tolerance"": 1e-11, ""fallback"": ""retain-area-preserving-quadratic"", ""max_sweeps"": 10, ""multiple_root"": ""least displacement from the current predictor"", ""target_neighbor"": ""triggering eligible neighbor, then nearest eligible 8-neighbor; tangent alignment and lexicographic index break ties"", ""update_order"": ""lexicographic Gauss-Seidel""}",[]
QUASI,QUASI (frozen Cartesian port),squares,2,42,32,3.125,0.22272541699999948,16,16,0,0,0,0,1.4610351606134964,1.4610351606134964,0.0,0.0,0,2.7755575615628914e-17,4.440892098500626e-16,0.37737764661219464,0.1641014357810195,1.3272945887064111,16,"{""benchmark"": ""squares"", ""canonical_case_count"": 25, ""case_index"": 2, ""parameters"": {""center"": [50.76113970199035, 50.78606430527695], ""side_length"": 11.666666666666666, ""theta"": 0.2012404236190981, ""vertices"": [[46.21152170126112, 43.90445609185793], [57.64274791540937, 46.23644630454772], [55.310757702719584, 57.66767251869597], [43.87953148857133, 55.335682306006184]]}, ""random_seed"": 42}",complete_with_reported_fallback,0,0,16,160,0,0,0,10,False,"{""boundary"": ""retain open physical-boundary endpoints"", ""convergence_tolerance"": 1e-11, ""fallback"": ""retain-area-preserving-quadratic"", ""max_sweeps"": 10, ""multiple_root"": ""least displacement from the current predictor"", ""target_neighbor"": ""triggering eligible neighbor, then nearest eligible 8-neighbor; tangent alignment and lexicographic index break ties"", ""update_order"": ""lexicographic Gauss-Seidel""}",[]
QUASI,QUASI (frozen Cartesian port),squares,2,42,64,1.5625,0.43434549999999916,32,32,0,0,0,0,0.7302720230474002,0.7302720230474002,0.0,0.0,0,2.6020852139652106e-18,5.551115123125783e-17,0.6484487401326609,0.20318670220459079,2.664349989687905,32,"{""benchmark"": ""squares"", ""canonical_case_count"": 25, ""case_index"": 2, ""parameters"": {""center"": [50.76113970199035, 50.78606430527695], ""side_length"": 11.666666666666666, ""theta"": 0.2012404236190981, ""vertices"": [[46.21152170126112, 43.90445609185793], [57.64274791540937, 46.23644630454772], [55.310757702719584, 57.66767251869597], [43.87953148857133, 55.335682306006184]]}, ""random_seed"": 42}",complete_with_reported_fallback,0,0,32,316,4,0,0,10,False,"{""boundary"": ""retain open physical-boundary endpoints"", ""convergence_tolerance"": 1e-11, ""fallback"": ""retain-area-preserving-quadratic"", ""max_sweeps"": 10, ""multiple_root"": ""least displacement from the current predictor"", ""target_neighbor"": ""triggering eligible neighbor, then nearest eligible 8-neighbor; tangent alignment and lexicographic index break ties"", ""update_order"": ""lexicographic Gauss-Seidel""}",[]
QUASI,QUASI (frozen Cartesian port),squares,2,42,128,0.78125,0.9645253329999974,68,67,0,0,1,0,0.366066071168324,0.366066071168324,0.0,0.0,0,2.597230577371992e-19,1.3877787807814457e-17,0.6464540606834153,0.020814479532835953,5.2269203875268495,67,"{""benchmark"": ""squares"", ""canonical_case_count"": 25, ""case_index"": 2, ""parameters"": {""center"": [50.76113970199035, 50.78606430527695], ""side_length"": 11.666666666666666, ""theta"": 0.2012404236190981, ""vertices"": [[46.21152170126112, 43.90445609185793], [57.64274791540937, 46.23644630454772], [55.310757702719584, 57.66767251869597], [43.87953148857133, 55.335682306006184]]}, ""random_seed"": 42}",complete_with_reported_fallback,0,0,67,653,7,1,1,10,False,"{""boundary"": ""retain open physical-boundary endpoints"", ""convergence_tolerance"": 1e-11, ""fallback"": ""retain-area-preserving-quadratic"", ""max_sweeps"": 10, ""multiple_root"": ""least displacement from the current predictor"", ""target_neighbor"": ""triggering eligible neighbor, then nearest eligible 8-neighbor; tangent alignment and lexicographic index break ties"", ""update_order"": ""lexicographic Gauss-Seidel""}",[]
QUASI,QUASI (frozen Cartesian port),squares,3,42,32,3.125,0.2251342919999999,18,14,4,0,0,0,2.7146382932493283,2.7146382932493283,0.0,0.0,2,6.1679056923619804e-18,1.1102230246251565e-16,0.47692812721170086,0.16967505849251818,2.981909297639218,18,"{""benchmark"": ""squares"", ""canonical_case_count"": 25, ""case_index"": 3, ""parameters"": {""center"": [50.45038593789557, 50.370798024232585], ""side_length"": 12.5, ""theta"": 1.455759040285497, ""vertices"": [[55.941678291535176, 43.44470906386981], [57.376474898258344, 55.86209037787219], [44.95909358425596, 57.29688698459536], [43.52429697753279, 44.87950567059298]]}, ""random_seed"": 42}",complete_with_reported_fallback,4,2,16,160,0,0,0,10,False,"{""boundary"": ""retain open physical-boundary endpoints"", ""convergence_tolerance"": 1e-11, ""fallback"": ""retain-area-preserving-quadratic"", ""max_sweeps"": 10, ""multiple_root"": ""least displacement from the current predictor"", ""target_neighbor"": ""triggering eligible neighbor, then nearest eligible 8-neighbor; tangent alignment and lexicographic index break ties"", ""update_order"": ""lexicographic Gauss-Seidel""}","[""Section 2.5 fallback retained a conservative local quadratic for multiply claimed endpoint ((14, 14), (14, 15))"", ""Section 2.5 fallback retained a conservative local quadratic for multiply claimed endpoint ((17, 13), (17, 14))""]"
QUASI,QUASI (frozen Cartesian port),squares,3,42,64,1.5625,0.4968917499999961,36,32,4,0,0,0,0.35589082570788727,0.2568897924498287,0.0,0.0,1,0.0,0.0,0.3753616424043129,0.06280390662969113,5.421307816146335,36,"{""benchmark"": ""squares"", ""canonical_case_count"": 25, ""case_index"": 3, ""parameters"": {""center"": [50.45038593789557, 50.370798024232585], ""side_length"": 12.5, ""theta"": 1.455759040285497, ""vertices"": [[55.941678291535176, 43.44470906386981], [57.376474898258344, 55.86209037787219], [44.95909358425596, 57.29688698459536], [43.52429697753279, 44.87950567059298]]}, ""random_seed"": 42}",complete_with_reported_fallback,4,3,35,350,0,0,0,10,False,"{""boundary"": ""retain open physical-boundary endpoints"", ""convergence_tolerance"": 1e-11, ""fallback"": ""retain-area-preserving-quadratic"", ""max_sweeps"": 10, ""multiple_root"": ""least displacement from the current predictor"", ""target_neighbor"": ""triggering eligible neighbor, then nearest eligible 8-neighbor; tangent alignment and lexicographic index break ties"", ""update_order"": ""lexicographic Gauss-Seidel""}","[""Section 2.5 fallback retained a conservative local quadratic for multiply claimed endpoint ((27, 29), (28, 29))"", ""Section 2.5 fallback retained a conservative local quadratic for multiply claimed endpoint ((28, 28), (28, 29))"", ""Section 2.5 correction retained the area-preserving local quadratic in (34, 28) (no-common-edge-endpoint)""]"
QUASI,QUASI (frozen Cartesian port),squares,3,42,128,0.78125,1.0417318750000035,72,72,0,0,0,0,0.3511607407501568,0.3511607407501568,0.0,0.0,0,0.0,0.0,0.5293039931728446,0.009042271447331225,6.0325395705182165,72,"{""benchmark"": ""squares"", ""canonical_case_count"": 25, ""case_index"": 3, ""parameters"": {""center"": [50.45038593789557, 50.370798024232585], ""side_length"": 12.5, ""theta"": 1.455759040285497, ""vertices"": [[55.941678291535176, 43.44470906386981], [57.376474898258344, 55.86209037787219], [44.95909358425596, 57.29688698459536], [43.52429697753279, 44.87950567059298]]}, ""random_seed"": 42}",complete_with_reported_fallback,0,0,72,720,0,0,0,10,False,"{""boundary"": ""retain open physical-boundary endpoints"", ""convergence_tolerance"": 1e-11, ""fallback"": ""retain-area-preserving-quadratic"", ""max_sweeps"": 10, ""multiple_root"": ""least displacement from the current predictor"", ""target_neighbor"": ""triggering eligible neighbor, then nearest eligible 8-neighbor; tangent alignment and lexicographic index break ties"", ""update_order"": ""lexicographic Gauss-Seidel""}",[]
QUASI,QUASI (frozen Cartesian port),squares,4,42,32,3.125,0.3135392080000017,23,19,4,0,0,0,0.8064255204653188,0.7562922330291257,0.0,0.0,0,9.427844978134821e-21,2.168404344971009e-19,0.31137414492752186,0.08326306966326263,2.164236726292359,23,"{""benchmark"": ""squares"", ""canonical_case_count"": 25, ""case_index"": 4, ""parameters"": {""center"": [50.64386512008066, 50.82276161327083], ""side_length"": 13.333333333333334, ""theta"": 0.6965133947666736, ""vertices"": [[49.80695450377682, 41.43189000786556], [60.03473672548593, 49.98585099696699], [51.4807757363845, 60.213633218676094], [41.252993514675396, 51.65967222957467]]}, ""random_seed"": 42}",complete_with_reported_fallback,4,3,22,210,10,0,0,10,False,"{""boundary"": ""retain open physical-boundary endpoints"", ""convergence_tolerance"": 1e-11, ""fallback"": ""retain-area-preserving-quadratic"", ""max_sweeps"": 10, ""multiple_root"": ""least displacement from the current predictor"", ""target_neighbor"": ""triggering eligible neighbor, then nearest eligible 8-neighbor; tangent alignment and lexicographic index break ties"", ""update_order"": ""lexicographic Gauss-Seidel""}","[""Section 2.5 correction retained the area-preserving local quadratic in (16, 14) (no-common-edge-endpoint)"", ""Section 2.5 correction retained the area-preserving local quadratic in (16, 19) (no-common-edge-endpoint)"", ""Section 2.5 fallback retained a conservative local quadratic for multiply claimed endpoint ((18, 15), (18, 16))""]"
QUASI,QUASI (frozen Cartesian port),squares,4,42,64,1.5625,0.7097197090000051,48,44,4,0,0,0,0.3365326572068472,0.23940635288936682,0.0,0.0,0,0.0,0.0,0.3345086838499558,0.046009086715761906,3.6003750997240442,48,"{""benchmark"": ""squares"", ""canonical_case_count"": 25, ""case_index"": 4, ""parameters"": {""center"": [50.64386512008066, 50.82276161327083], ""side_length"": 13.333333333333334, ""theta"": 0.6965133947666736, ""vertices"": [[49.80695450377682, 41.43189000786556], [60.03473672548593, 49.98585099696699], [51.4807757363845, 60.213633218676094], [41.252993514675396, 51.65967222957467]]}, ""random_seed"": 42}",complete_with_reported_fallback,4,4,48,455,25,0,0,10,False,"{""boundary"": ""retain open physical-boundary endpoints"", ""convergence_tolerance"": 1e-11, ""fallback"": ""retain-area-preserving-quadratic"", ""max_sweeps"": 10, ""multiple_root"": ""least displacement from the current predictor"", ""target_neighbor"": ""triggering eligible neighbor, then nearest eligible 8-neighbor; tangent alignment and lexicographic index break ties"", ""update_order"": ""lexicographic Gauss-Seidel""}","[""Section 2.5 correction retained the area-preserving local quadratic in (27, 33) (no-common-edge-endpoint)"", ""Section 2.5 correction retained the area-preserving local quadratic in (32, 27) (no-common-edge-endpoint)"", ""Section 2.5 correction retained the area-preserving local quadratic in (33, 37) (no-common-edge-endpoint)"", ""Section 2.5 correction retained the area-preserving local quadratic in (37, 32) (no-common-edge-endpoint)""]"
QUASI,QUASI (frozen Cartesian port),squares,4,42,128,0.78125,1.361359333000003,95,91,4,0,0,0,0.22491824970873667,0.1619971161238834,0.0,0.0,1,0.0,0.0,2.1687714137138547,0.002200095401692841,134.1453186579861,95,"{""benchmark"": ""squares"", ""canonical_case_count"": 25, ""case_index"": 4, ""parameters"": {""center"": [50.64386512008066, 50.82276161327083], ""side_length"": 13.333333333333334, ""theta"": 0.6965133947666736, ""vertices"": [[49.80695450377682, 41.43189000786556], [60.03473672548593, 49.98585099696699], [51.4807757363845, 60.213633218676094], [41.252993514675396, 51.65967222957467]]}, ""random_seed"": 42}",complete_with_reported_fallback,4,3,94,874,66,0,0,10,False,"{""boundary"": ""retain open physical-boundary endpoints"", ""convergence_tolerance"": 1e-11, ""fallback"": ""retain-area-preserving-quadratic"", ""max_sweeps"": 10, ""multiple_root"": ""least displacement from the current predictor"", ""target_neighbor"": ""triggering eligible neighbor, then nearest eligible 8-neighbor; tangent alignment and lexicographic index break ties"", ""update_order"": ""lexicographic Gauss-Seidel""}","[""Section 2.5 correction retained the area-preserving local quadratic in (53, 66) (no-common-edge-endpoint)"", ""Section 2.5 fallback retained a conservative local quadratic for multiply claimed endpoint ((65, 76), (65, 77))"", ""Section 2.5 correction retained the area-preserving local quadratic in (75, 64) (no-common-edge-endpoint)""]"
QUASI,QUASI (frozen Cartesian port),circles,0,41,32,3.125,0.33498179199999356,24,24,0,0,0,0,0.0034039431974901,0.0034039431974901,0.0,0.0,0,0.0,0.0,0.03210394579668636,0.0012366680083476106,0.7203024577210372,24,"{""benchmark"": ""circles"", ""canonical_case_count"": 25, ""case_index"": 0, ""parameters"": {""center"": [50.954151102962, 50.7679320906356], ""radius"": 10.0}, ""random_seed"": 41}",complete_with_reported_fallback,0,0,24,213,27,0,0,10,False,"{""boundary"": ""retain open physical-boundary endpoints"", ""convergence_tolerance"": 1e-11, ""fallback"": ""retain-area-preserving-quadratic"", ""max_sweeps"": 10, ""multiple_root"": ""least displacement from the current predictor"", ""target_neighbor"": ""triggering eligible neighbor, then nearest eligible 8-neighbor; tangent alignment and lexicographic index break ties"", ""update_order"": ""lexicographic Gauss-Seidel""}",[]
QUASI,QUASI (frozen Cartesian port),circles,0,41,64,1.5625,0.7114179170000057,49,48,1,0,0,0,0.02257242847442428,0.02257242847442428,0.0,0.0,0,0.0,0.0,0.0039417666255831905,0.00032484172758741325,0.099999999915083,49,"{""benchmark"": ""circles"", ""canonical_case_count"": 25, ""case_index"": 0, ""parameters"": {""center"": [50.954151102962, 50.7679320906356], ""radius"": 10.0}, ""random_seed"": 41}",complete_with_reported_fallback,1,1,48,466,14,0,0,10,False,"{""boundary"": ""retain open physical-boundary endpoints"", ""convergence_tolerance"": 1e-11, ""fallback"": ""retain-area-preserving-quadratic"", ""max_sweeps"": 10, ""multiple_root"": ""least displacement from the current predictor"", ""target_neighbor"": ""triggering eligible neighbor, then nearest eligible 8-neighbor; tangent alignment and lexicographic index break ties"", ""update_order"": ""lexicographic Gauss-Seidel""}","[""Section 2.5 correction retained the area-preserving local quadratic in (39, 32) (no-common-edge-endpoint)""]"
QUASI,QUASI (frozen Cartesian port),circles,0,41,128,0.78125,1.504105041999999,102,101,1,0,0,0,0.4240396077275176,0.4240396077275176,0.0,0.0,0,5.782411586589357e-19,5.551115123125783e-17,0.1583829412924617,7.834846688029029e-05,3.6211936940464784,102,"{""benchmark"": ""circles"", ""canonical_case_count"": 25, ""case_index"": 0, ""parameters"": {""center"": [50.954151102962, 50.7679320906356], ""radius"": 10.0}, ""random_seed"": 41}",complete_with_reported_fallback,1,1,102,1019,1,0,0,10,False,"{""boundary"": ""retain open physical-boundary endpoints"", ""convergence_tolerance"": 1e-11, ""fallback"": ""retain-area-preserving-quadratic"", ""max_sweeps"": 10, ""multiple_root"": ""least displacement from the current predictor"", ""target_neighbor"": ""triggering eligible neighbor, then nearest eligible 8-neighbor; tangent alignment and lexicographic index break ties"", ""update_order"": ""lexicographic Gauss-Seidel""}","[""Section 2.5 correction retained the area-preserving local quadratic in (77, 65) (no-common-edge-endpoint)""]"
QUASI,QUASI (frozen Cartesian port),circles,1,41,32,3.125,0.3884586250000055,26,26,0,0,0,0,0.0014686997327463165,0.0014630425293657213,0.0,0.0,0,0.0,0.0,0.001391821761304462,0.0011613814555584343,0.009369076199121903,26,"{""benchmark"": ""circles"", ""canonical_case_count"": 25, ""case_index"": 1, ""parameters"": {""center"": [50.125970746788205, 50.82698808593074], ""radius"": 10.0}, ""random_seed"": 41}",complete_with_reported_fallback,0,0,26,260,0,0,0,10,False,"{""boundary"": ""retain open physical-boundary endpoints"", ""convergence_tolerance"": 1e-11, ""fallback"": ""retain-area-preserving-quadratic"", ""max_sweeps"": 10, ""multiple_root"": ""least displacement from the current predictor"", ""target_neighbor"": ""triggering eligible neighbor, then nearest eligible 8-neighbor; tangent alignment and lexicographic index break ties"", ""update_order"": ""lexicographic Gauss-Seidel""}",[]
QUASI,QUASI (frozen Cartesian port),circles,1,41,64,1.5625,0.7192678329999964,50,50,0,0,0,0,0.8444464273295084,0.8444464273295084,0.0,0.0,0,0.0,0.0,0.08090053574362281,0.000296686002694245,1.9320452629703913,50,"{""benchmark"": ""circles"", ""canonical_case_count"": 25, ""case_index"": 1, ""parameters"": {""center"": [50.125970746788205, 50.82698808593074], ""radius"": 10.0}, ""random_seed"": 41}",complete_with_reported_fallback,0,0,50,493,7,0,0,10,False,"{""boundary"": ""retain open physical-boundary endpoints"", ""convergence_tolerance"": 1e-11, ""fallback"": ""retain-area-preserving-quadratic"", ""max_sweeps"": 10, ""multiple_root"": ""least displacement from the current predictor"", ""target_neighbor"": ""triggering eligible neighbor, then nearest eligible 8-neighbor; tangent alignment and lexicographic index break ties"", ""update_order"": ""lexicographic Gauss-Seidel""}",[]
QUASI,QUASI (frozen Cartesian port),circles,1,41,128,0.78125,1.4417735840000034,100,100,0,0,0,0,0.48872553367225,0.48872553367225,0.0,0.0,0,6.938893903907229e-20,6.938893903907228e-18,0.24204027105349774,0.00017580720672421418,4.992578106525475,100,"{""benchmark"": ""circles"", ""canonical_case_count"": 25, ""case_index"": 1, ""parameters"": {""center"": [50.125970746788205, 50.82698808593074], ""radius"": 10.0}, ""random_seed"": 41}",complete_with_reported_fallback,0,0,100,974,26,0,0,10,False,"{""boundary"": ""retain open physical-boundary endpoints"", ""convergence_tolerance"": 1e-11, ""fallback"": ""retain-area-preserving-quadratic"", ""max_sweeps"": 10, ""multiple_root"": ""least displacement from the current predictor"", ""target_neighbor"": ""triggering eligible neighbor, then nearest eligible 8-neighbor; tangent alignment and lexicographic index break ties"", ""update_order"": ""lexicographic Gauss-Seidel""}",[]
QUASI,QUASI (frozen Cartesian port),circles,2,41,32,3.125,0.3845502909999965,26,26,0,0,0,0,1.4313325545602182,1.4313325545602182,0.0,0.0,0,1.2812350672929663e-17,2.220446049250313e-16,0.08067041014530738,0.001452490715223978,1.1350312167371828,26,"{""benchmark"": ""circles"", ""canonical_case_count"": 25, ""case_index"": 2, ""parameters"": {""center"": [50.849072073431195, 50.34978283666457], ""radius"": 10.0}, ""random_seed"": 41}",complete_with_reported_fallback,0,0,26,259,1,0,0,10,False,"{""boundary"": ""retain open physical-boundary endpoints"", ""convergence_tolerance"": 1e-11, ""fallback"": ""retain-area-preserving-quadratic"", ""max_sweeps"": 10, ""multiple_root"": ""least displacement from the current predictor"", ""target_neighbor"": ""triggering eligible neighbor, then nearest eligible 8-neighbor; tangent alignment and lexicographic index break ties"", ""update_order"": ""lexicographic Gauss-Seidel""}",[]
QUASI,QUASI (frozen Cartesian port),circles,2,41,64,1.5625,0.705565582999995,50,50,0,0,0,0,0.7349882994570985,0.7349882994570985,0.0,0.0,0,5.561957144850638e-19,2.7755575615628914e-17,0.14964279880874773,0.000328921659611639,3.205096429163677,50,"{""benchmark"": ""circles"", ""canonical_case_count"": 25, ""case_index"": 2, ""parameters"": {""center"": [50.849072073431195, 50.34978283666457], ""radius"": 10.0}, ""random_seed"": 41}",complete_with_reported_fallback,0,0,50,478,22,0,0,10,False,"{""boundary"": ""retain open physical-boundary endpoints"", ""convergence_tolerance"": 1e-11, ""fallback"": ""retain-area-preserving-quadratic"", ""max_sweeps"": 10, ""multiple_root"": ""least displacement from the current predictor"", ""target_neighbor"": ""triggering eligible neighbor, then nearest eligible 8-neighbor; tangent alignment and lexicographic index break ties"", ""update_order"": ""lexicographic Gauss-Seidel""}",[]
QUASI,QUASI (frozen Cartesian port),circles,2,41,128,0.78125,1.462465625,102,102,0,0,0,0,0.4682211281358709,0.4682211281358709,0.0,0.0,0,1.365882148670464e-19,1.3877787807814457e-17,0.23014871029727227,8.298786503486977e-05,4.774563777129955,102,"{""benchmark"": ""circles"", ""canonical_case_count"": 25, ""case_index"": 2, ""parameters"": {""center"": [50.849072073431195, 50.34978283666457], ""radius"": 10.0}, ""random_seed"": 41}",complete_with_reported_fallback,0,0,102,1020,0,0,0,10,False,"{""boundary"": ""retain open physical-boundary endpoints"", ""convergence_tolerance"": 1e-11, ""fallback"": ""retain-area-preserving-quadratic"", ""max_sweeps"": 10, ""multiple_root"": ""least displacement from the current predictor"", ""target_neighbor"": ""triggering eligible neighbor, then nearest eligible 8-neighbor; tangent alignment and lexicographic index break ties"", ""update_order"": ""lexicographic Gauss-Seidel""}",[]
QUASI,QUASI (frozen Cartesian port),circles,3,41,32,3.125,0.40900841699999546,28,26,2,0,0,0,0.27987219031358856,0.27987219031358856,0.0,0.0,0,0.0,0.0,0.41272410379873314,0.0009920104306295405,7.601413169481089,28,"{""benchmark"": ""circles"", ""canonical_case_count"": 25, ""case_index"": 3, ""parameters"": {""center"": [50.51140923471546, 50.60249990849664], ""radius"": 10.0}, ""random_seed"": 41}",complete_with_reported_fallback,2,2,28,272,8,0,0,10,False,"{""boundary"": ""retain open physical-boundary endpoints"", ""convergence_tolerance"": 1e-11, ""fallback"": ""retain-area-preserving-quadratic"", ""max_sweeps"": 10, ""multiple_root"": ""least displacement from the current predictor"", ""target_neighbor"": ""triggering eligible neighbor, then nearest eligible 8-neighbor; tangent alignment and lexicographic index break ties"", ""update_order"": ""lexicographic Gauss-Seidel""}","[""Section 2.5 correction retained the area-preserving local quadratic in (13, 16) (no-common-edge-endpoint)"", ""Section 2.5 correction retained the area-preserving local quadratic in (16, 13) (no-common-edge-endpoint)""]"
QUASI,QUASI (frozen Cartesian port),circles,3,41,64,1.5625,0.7625652910000014,52,51,1,0,0,0,0.22616351810468224,0.22616351810468224,0.0,0.0,0,6.672013369141566e-20,3.469446951953614e-18,0.25485105279891723,0.00030767297706004587,9.242145433159427,52,"{""benchmark"": ""circles"", ""canonical_case_count"": 25, ""case_index"": 3, ""parameters"": {""center"": [50.51140923471546, 50.60249990849664], ""radius"": 10.0}, ""random_seed"": 41}",complete_with_reported_fallback,1,1,52,485,35,0,0,10,False,"{""boundary"": ""retain open physical-boundary endpoints"", ""convergence_tolerance"": 1e-11, ""fallback"": ""retain-area-preserving-quadratic"", ""max_sweeps"": 10, ""multiple_root"": ""least displacement from the current predictor"", ""target_neighbor"": ""triggering eligible neighbor, then nearest eligible 8-neighbor; tangent alignment and lexicographic index break ties"", ""update_order"": ""lexicographic Gauss-Seidel""}","[""Section 2.5 correction retained the area-preserving local quadratic in (32, 26) (no-common-edge-endpoint)""]"
QUASI,QUASI (frozen Cartesian port),circles,3,41,128,0.78125,1.4952043339999932,104,104,0,0,0,0,0.3905267200275323,0.3905267200275323,0.0,0.0,0,3.502807018799322e-19,1.3877787807814457e-17,0.24849974462409546,8.055835115320514e-05,7.266863134714617,104,"{""benchmark"": ""circles"", ""canonical_case_count"": 25, ""case_index"": 3, ""parameters"": {""center"": [50.51140923471546, 50.60249990849664], ""radius"": 10.0}, ""random_seed"": 41}",complete_with_reported_fallback,0,0,104,1034,6,0,0,10,False,"{""boundary"": ""retain open physical-boundary endpoints"", ""convergence_tolerance"": 1e-11, ""fallback"": ""retain-area-preserving-quadratic"", ""max_sweeps"": 10, ""multiple_root"": ""least displacement from the current predictor"", ""target_neighbor"": ""triggering eligible neighbor, then nearest eligible 8-neighbor; tangent alignment and lexicographic index break ties"", ""update_order"": ""lexicographic Gauss-Seidel""}",[]
QUASI,QUASI (frozen Cartesian port),circles,4,41,32,3.125,0.3804794579999964,27,25,2,0,0,0,1.6028265776768345,1.6028265776768345,0.0,0.0,0,0.0,0.0,0.09478828006357928,0.0024360296235124285,1.0379329464913247,27,"{""benchmark"": ""circles"", ""canonical_case_count"": 25, ""case_index"": 4, ""parameters"": {""center"": [50.33883591323763, 50.62180640094461], ""radius"": 10.0}, ""random_seed"": 41}",complete_with_reported_fallback,2,2,26,259,1,0,0,10,False,"{""boundary"": ""retain open physical-boundary endpoints"", ""convergence_tolerance"": 1e-11, ""fallback"": ""retain-area-preserving-quadratic"", ""max_sweeps"": 10, ""multiple_root"": ""least displacement from the current predictor"", ""target_neighbor"": ""triggering eligible neighbor, then nearest eligible 8-neighbor; tangent alignment and lexicographic index break ties"", ""update_order"": ""lexicographic Gauss-Seidel""}","[""Section 2.5 correction retained the area-preserving local quadratic in (13, 16) (no-common-edge-endpoint)"", ""Section 2.5 correction retained the area-preserving local quadratic in (16, 13) (no-common-edge-endpoint)""]"
QUASI,QUASI (frozen Cartesian port),circles,4,41,64,1.5625,0.714319666999998,51,50,1,0,0,0,0.8243696303898863,0.8243696303898863,0.0,0.0,0,3.4014185803466805e-20,1.734723475976807e-18,0.1549841965481875,0.00033436427849035943,2.2249163244847594,51,"{""benchmark"": ""circles"", ""canonical_case_count"": 25, ""case_index"": 4, ""parameters"": {""center"": [50.33883591323763, 50.62180640094461], ""radius"": 10.0}, ""random_seed"": 41}",complete_with_reported_fallback,1,1,50,500,0,0,0,10,False,"{""boundary"": ""retain open physical-boundary endpoints"", ""convergence_tolerance"": 1e-11, ""fallback"": ""retain-area-preserving-quadratic"", ""max_sweeps"": 10, ""multiple_root"": ""least displacement from the current predictor"", ""target_neighbor"": ""triggering eligible neighbor, then nearest eligible 8-neighbor; tangent alignment and lexicographic index break ties"", ""update_order"": ""lexicographic Gauss-Seidel""}","[""Section 2.5 correction retained the area-preserving local quadratic in (32, 26) (no-common-edge-endpoint)""]"
QUASI,QUASI (frozen Cartesian port),circles,4,41,128,0.78125,1.4611884170000025,103,102,1,0,0,0,0.4698998963848021,0.4698998963848021,0.0,0.0,0,0.0,0.0,0.15692837228311105,7.912415790373162e-05,4.27596146684208,103,"{""benchmark"": ""circles"", ""canonical_case_count"": 25, ""case_index"": 4, ""parameters"": {""center"": [50.33883591323763, 50.62180640094461], ""radius"": 10.0}, ""random_seed"": 41}",complete_with_reported_fallback,1,1,102,1020,0,0,0,10,False,"{""boundary"": ""retain open physical-boundary endpoints"", ""convergence_tolerance"": 1e-11, ""fallback"": ""retain-area-preserving-quadratic"", ""max_sweeps"": 10, ""multiple_root"": ""least displacement from the current predictor"", ""target_neighbor"": ""triggering eligible neighbor, then nearest eligible 8-neighbor; tangent alignment and lexicographic index break ties"", ""update_order"": ""lexicographic Gauss-Seidel""}","[""Section 2.5 correction retained the area-preserving local quadratic in (64, 52) (no-common-edge-endpoint)""]"
QUASI,QUASI (frozen Cartesian port),ellipses,0,42,32,3.125,1.0287173749999994,64,64,0,0,0,0,1.8578947362482832,1.8578947362482832,0.0,0.0,0,1.951563910473908e-18,1.249000902703301e-16,0.09365263481066127,0.0006100683118258794,1.174740183156515,64,"{""benchmark"": ""ellipses"", ""canonical_case_count"": 25, ""case_index"": 0, ""parameters"": {""aspect_ratio"": 1.5, ""center"": [50.773956048555966, 50.43887843975205], ""major_axis"": 30.0, ""minor_axis"": 20.0, ""theta"": 1.3486824587905384}, ""random_seed"": 42}",complete_with_reported_fallback,0,0,64,635,5,0,0,10,False,"{""boundary"": ""retain open physical-boundary endpoints"", ""convergence_tolerance"": 1e-11, ""fallback"": ""retain-area-preserving-quadratic"", ""max_sweeps"": 10, ""multiple_root"": ""least displacement from the current predictor"", ""target_neighbor"": ""triggering eligible neighbor, then nearest eligible 8-neighbor; tangent alignment and lexicographic index break ties"", ""update_order"": ""lexicographic Gauss-Seidel""}",[]
QUASI,QUASI (frozen Cartesian port),ellipses,0,42,64,1.5625,1.8323107080000085,128,128,0,0,0,0,0.8980304809310341,0.8980304809310341,0.0,0.0,0,3.170444321572846e-18,2.220446049250313e-16,0.11851579413493399,0.00028676260436856504,2.4835683317064055,128,"{""benchmark"": ""ellipses"", ""canonical_case_count"": 25, ""case_index"": 0, ""parameters"": {""aspect_ratio"": 1.5, ""center"": [50.773956048555966, 50.43887843975205], ""major_axis"": 30.0, ""minor_axis"": 20.0, ""theta"": 1.3486824587905384}, ""random_seed"": 42}",complete_with_reported_fallback,0,0,128,1267,13,0,0,10,False,"{""boundary"": ""retain open physical-boundary endpoints"", ""convergence_tolerance"": 1e-11, ""fallback"": ""retain-area-preserving-quadratic"", ""max_sweeps"": 10, ""multiple_root"": ""least displacement from the current predictor"", ""target_neighbor"": ""triggering eligible neighbor, then nearest eligible 8-neighbor; tangent alignment and lexicographic index break ties"", ""update_order"": ""lexicographic Gauss-Seidel""}",[]
QUASI,QUASI (frozen Cartesian port),ellipses,0,42,128,0.78125,3.719051209,258,258,0,0,0,0,0.4586817349530003,0.4586817349530003,0.0,0.0,0,1.1769161664020218e-19,2.7755575615628914e-17,0.6394027770734937,0.00014167751990021293,94.96769163588691,258,"{""benchmark"": ""ellipses"", ""canonical_case_count"": 25, ""case_index"": 0, ""parameters"": {""aspect_ratio"": 1.5, ""center"": [50.773956048555966, 50.43887843975205], ""major_axis"": 30.0, ""minor_axis"": 20.0, ""theta"": 1.3486824587905384}, ""random_seed"": 42}",complete_with_reported_fallback,0,0,258,2538,42,0,0,10,False,"{""boundary"": ""retain open physical-boundary endpoints"", ""convergence_tolerance"": 1e-11, ""fallback"": ""retain-area-preserving-quadratic"", ""max_sweeps"": 10, ""multiple_root"": ""least displacement from the current predictor"", ""target_neighbor"": ""triggering eligible neighbor, then nearest eligible 8-neighbor; tangent alignment and lexicographic index break ties"", ""update_order"": ""lexicographic Gauss-Seidel""}",[]
QUASI,QUASI (frozen Cartesian port),ellipses,1,42,32,3.125,0.8834691250000049,62,62,0,0,0,0,1.7222056147369325,1.7222056147369325,0.0,0.0,0,8.953411488912552e-19,5.551115123125783e-17,0.1003514528678587,0.0005468271571772397,3.225880835024984,62,"{""benchmark"": ""ellipses"", ""canonical_case_count"": 25, ""case_index"": 1, ""parameters"": {""aspect_ratio"": 1.5625, ""center"": [50.69736802905936, 50.09417734788765], ""major_axis"": 30.0, ""minor_axis"": 19.2, ""theta"": 1.532504006290015}, ""random_seed"": 42}",complete_with_reported_fallback,0,0,62,603,17,0,0,10,False,"{""boundary"": ""retain open physical-boundary endpoints"", ""convergence_tolerance"": 1e-11, ""fallback"": ""retain-area-preserving-quadratic"", ""max_sweeps"": 10, ""multiple_root"": ""least displacement from the current predictor"", ""target_neighbor"": ""triggering eligible neighbor, then nearest eligible 8-neighbor; tangent alignment and lexicographic index break ties"", ""update_order"": ""lexicographic Gauss-Seidel""}",[]
QUASI,QUASI (frozen Cartesian port),ellipses,1,42,64,1.5625,1.8227787080000013,126,126,0,0,0,0,0.8732206907359422,0.8732206907359422,0.0,0.0,0,0.0,0.0,0.0606624690050396,0.00019104366693730758,2.123293784780546,126,"{""benchmark"": ""ellipses"", ""canonical_case_count"": 25, ""case_index"": 1, ""parameters"": {""aspect_ratio"": 1.5625, ""center"": [50.69736802905936, 50.09417734788765], ""major_axis"": 30.0, ""minor_axis"": 19.2, ""theta"": 1.532504006290015}, ""random_seed"": 42}",complete_with_reported_fallback,0,0,126,1245,15,0,0,10,False,"{""boundary"": ""retain open physical-boundary endpoints"", ""convergence_tolerance"": 1e-11, ""fallback"": ""retain-area-preserving-quadratic"", ""max_sweeps"": 10, ""multiple_root"": ""least displacement from the current predictor"", ""target_neighbor"": ""triggering eligible neighbor, then nearest eligible 8-neighbor; tangent alignment and lexicographic index break ties"", ""update_order"": ""lexicographic Gauss-Seidel""}",[]
QUASI,QUASI (frozen Cartesian port),ellipses,1,42,128,0.78125,3.670756041000004,252,252,0,0,0,0,0.4745573924669133,0.4745573924669133,0.0,0.0,0,1.8005500364491414e-19,2.7755575615628914e-17,0.8246737824307436,0.00032161143412750073,135.7942358188645,252,"{""benchmark"": ""ellipses"", ""canonical_case_count"": 25, ""case_index"": 1, ""parameters"": {""aspect_ratio"": 1.5625, ""center"": [50.69736802905936, 50.09417734788765], ""major_axis"": 30.0, ""minor_axis"": 19.2, ""theta"": 1.532504006290015}, ""random_seed"": 42}",complete_with_reported_fallback,0,0,252,2446,74,0,0,10,False,"{""boundary"": ""retain open physical-boundary endpoints"", ""convergence_tolerance"": 1e-11, ""fallback"": ""retain-area-preserving-quadratic"", ""max_sweeps"": 10, ""multiple_root"": ""least displacement from the current predictor"", ""target_neighbor"": ""triggering eligible neighbor, then nearest eligible 8-neighbor; tangent alignment and lexicographic index break ties"", ""update_order"": ""lexicographic Gauss-Seidel""}",[]
QUASI,QUASI (frozen Cartesian port),ellipses,2,42,32,3.125,0.9120492500000097,62,62,0,0,0,0,1.633216962624096,1.633216962624096,0.0,0.0,0,1.3150323124340312e-18,8.153200337090993e-17,0.03064330916448775,0.00045700829430915524,0.7979906065105629,62,"{""benchmark"": ""ellipses"", ""canonical_case_count"": 25, ""case_index"": 2, ""parameters"": {""aspect_ratio"": 1.625, ""center"": [50.76113970199035, 50.78606430527695], ""major_axis"": 30.0, ""minor_axis"": 18.46153846153846, ""theta"": 0.2012404236190981}, ""random_seed"": 42}",complete_with_reported_fallback,0,0,62,601,19,0,0,10,False,"{""boundary"": ""retain open physical-boundary endpoints"", ""convergence_tolerance"": 1e-11, ""fallback"": ""retain-area-preserving-quadratic"", ""max_sweeps"": 10, ""multiple_root"": ""least displacement from the current predictor"", ""target_neighbor"": ""triggering eligible neighbor, then nearest eligible 8-neighbor; tangent alignment and lexicographic index break ties"", ""update_order"": ""lexicographic Gauss-Seidel""}",[]
QUASI,QUASI (frozen Cartesian port),ellipses,2,42,64,1.5625,1.7629239580000018,124,124,0,0,0,0,0.9802594722518992,0.9802594722518992,0.0,0.0,0,4.054828689436715e-18,2.220446049250313e-16,0.15925686722696714,0.0002524351811143896,2.672540801253394,124,"{""benchmark"": ""ellipses"", ""canonical_case_count"": 25, ""case_index"": 2, ""parameters"": {""aspect_ratio"": 1.625, ""center"": [50.76113970199035, 50.78606430527695], ""major_axis"": 30.0, ""minor_axis"": 18.46153846153846, ""theta"": 0.2012404236190981}, ""random_seed"": 42}",complete_with_reported_fallback,0,0,124,1233,7,0,0,10,False,"{""boundary"": ""retain open physical-boundary endpoints"", ""convergence_tolerance"": 1e-11, ""fallback"": ""retain-area-preserving-quadratic"", ""max_sweeps"": 10, ""multiple_root"": ""least displacement from the current predictor"", ""target_neighbor"": ""triggering eligible neighbor, then nearest eligible 8-neighbor; tangent alignment and lexicographic index break ties"", ""update_order"": ""lexicographic Gauss-Seidel""}",[]
QUASI,QUASI (frozen Cartesian port),ellipses,2,42,128,0.78125,3.5560416249999918,248,248,0,0,0,0,0.47075695701280884,0.47075695701280884,0.0,0.0,0,2.317044965392409e-19,5.551115123125783e-17,0.22025866616885012,0.0001090190816061265,5.816331364474863,248,"{""benchmark"": ""ellipses"", ""canonical_case_count"": 25, ""case_index"": 2, ""parameters"": {""aspect_ratio"": 1.625, ""center"": [50.76113970199035, 50.78606430527695], ""major_axis"": 30.0, ""minor_axis"": 18.46153846153846, ""theta"": 0.2012404236190981}, ""random_seed"": 42}",complete_with_reported_fallback,0,0,248,2452,28,0,0,10,False,"{""boundary"": ""retain open physical-boundary endpoints"", ""convergence_tolerance"": 1e-11, ""fallback"": ""retain-area-preserving-quadratic"", ""max_sweeps"": 10, ""multiple_root"": ""least displacement from the current predictor"", ""target_neighbor"": ""triggering eligible neighbor, then nearest eligible 8-neighbor; tangent alignment and lexicographic index break ties"", ""update_order"": ""lexicographic Gauss-Seidel""}",[]
QUASI,QUASI (frozen Cartesian port),ellipses,3,42,32,3.125,0.8560886659999909,60,60,0,0,0,0,1.617474611568332,1.617474611568332,0.0,0.0,0,0.0,0.0,0.12197169655684936,0.00048298089457011854,5.064392454776144,60,"{""benchmark"": ""ellipses"", ""canonical_case_count"": 25, ""case_index"": 3, ""parameters"": {""aspect_ratio"": 1.6875, ""center"": [50.45038593789557, 50.370798024232585], ""major_axis"": 30.0, ""minor_axis"": 17.77777777777778, ""theta"": 1.455759040285497}, ""random_seed"": 42}",complete_with_reported_fallback,0,0,60,587,13,0,0,10,False,"{""boundary"": ""retain open physical-boundary endpoints"", ""convergence_tolerance"": 1e-11, ""fallback"": ""retain-area-preserving-quadratic"", ""max_sweeps"": 10, ""multiple_root"": ""least displacement from the current predictor"", ""target_neighbor"": ""triggering eligible neighbor, then nearest eligible 8-neighbor; tangent alignment and lexicographic index break ties"", ""update_order"": ""lexicographic Gauss-Seidel""}",[]
QUASI,QUASI (frozen Cartesian port),ellipses,3,42,64,1.5625,1.7260772909999957,122,122,0,0,0,0,0.8799674394470525,0.8799674394470525,0.0,0.0,0,1.7357232525702874e-23,2.117582368135751e-21,0.6341413002421876,0.0005620370865320815,58.44712208704898,122,"{""benchmark"": ""ellipses"", ""canonical_case_count"": 25, ""case_index"": 3, ""parameters"": {""aspect_ratio"": 1.6875, ""center"": [50.45038593789557, 50.370798024232585], ""major_axis"": 30.0, ""minor_axis"": 17.77777777777778, ""theta"": 1.455759040285497}, ""random_seed"": 42}",complete_with_reported_fallback,0,0,122,1150,70,0,0,10,False,"{""boundary"": ""retain open physical-boundary endpoints"", ""convergence_tolerance"": 1e-11, ""fallback"": ""retain-area-preserving-quadratic"", ""max_sweeps"": 10, ""multiple_root"": ""least displacement from the current predictor"", ""target_neighbor"": ""triggering eligible neighbor, then nearest eligible 8-neighbor; tangent alignment and lexicographic index break ties"", ""update_order"": ""lexicographic Gauss-Seidel""}",[]
QUASI,QUASI (frozen Cartesian port),ellipses,3,42,128,0.78125,3.472499166999995,244,243,0,0,1,0,0.43173608225150206,0.43173608225150206,0.0,0.0,0,7.86050060784284e-20,1.3877787807814457e-17,1.3002106748498712,0.00011848055223778742,229.12137070746752,243,"{""benchmark"": ""ellipses"", ""canonical_case_count"": 25, ""case_index"": 3, ""parameters"": {""aspect_ratio"": 1.6875, ""center"": [50.45038593789557, 50.370798024232585], ""major_axis"": 30.0, ""minor_axis"": 17.77777777777778, ""theta"": 1.455759040285497}, ""random_seed"": 42}",complete_with_reported_fallback,0,0,243,2331,89,1,1,10,False,"{""boundary"": ""retain open physical-boundary endpoints"", ""convergence_tolerance"": 1e-11, ""fallback"": ""retain-area-preserving-quadratic"", ""max_sweeps"": 10, ""multiple_root"": ""least displacement from the current predictor"", ""target_neighbor"": ""triggering eligible neighbor, then nearest eligible 8-neighbor; tangent alignment and lexicographic index break ties"", ""update_order"": ""lexicographic Gauss-Seidel""}",[]
QUASI,QUASI (frozen Cartesian port),ellipses,4,42,32,3.125,0.896354708000004,62,62,0,0,0,0,1.8054186857016488,1.8054186857016488,0.0,0.0,0,5.316088071541828e-19,3.2959746043559335e-17,0.06347448623618893,0.0005114441808883978,1.0632852208621373,62,"{""benchmark"": ""ellipses"", ""canonical_case_count"": 25, ""case_index"": 4, ""parameters"": {""aspect_ratio"": 1.75, ""center"": [50.64386512008066, 50.82276161327083], ""major_axis"": 30.0, ""minor_axis"": 17.142857142857142, ""theta"": 0.6965133947666736}, ""random_seed"": 42}",complete_with_reported_fallback,0,0,62,607,13,0,0,10,False,"{""boundary"": ""retain open physical-boundary endpoints"", ""convergence_tolerance"": 1e-11, ""fallback"": ""retain-area-preserving-quadratic"", ""max_sweeps"": 10, ""multiple_root"": ""least displacement from the current predictor"", ""target_neighbor"": ""triggering eligible neighbor, then nearest eligible 8-neighbor; tangent alignment and lexicographic index break ties"", ""update_order"": ""lexicographic Gauss-Seidel""}",[]
QUASI,QUASI (frozen Cartesian port),ellipses,4,42,64,1.5625,1.780550415999997,124,124,0,0,0,0,0.901052305705013,0.901052305705013,0.0,0.0,0,2.2930001591477703e-19,1.9081958235744878e-17,0.41426468196445465,0.0004269763293243082,33.58759649252342,124,"{""benchmark"": ""ellipses"", ""canonical_case_count"": 25, ""case_index"": 4, ""parameters"": {""aspect_ratio"": 1.75, ""center"": [50.64386512008066, 50.82276161327083], ""major_axis"": 30.0, ""minor_axis"": 17.142857142857142, ""theta"": 0.6965133947666736}, ""random_seed"": 42}",complete_with_reported_fallback,0,0,124,1191,49,0,0,10,False,"{""boundary"": ""retain open physical-boundary endpoints"", ""convergence_tolerance"": 1e-11, ""fallback"": ""retain-area-preserving-quadratic"", ""max_sweeps"": 10, ""multiple_root"": ""least displacement from the current predictor"", ""target_neighbor"": ""triggering eligible neighbor, then nearest eligible 8-neighbor; tangent alignment and lexicographic index break ties"", ""update_order"": ""lexicographic Gauss-Seidel""}",[]
QUASI,QUASI (frozen Cartesian port),ellipses,4,42,128,0.78125,3.5382200000000097,248,248,0,0,0,0,0.4517293528311275,0.4517293528311275,0.0,0.0,0,6.899006507639046e-19,5.551115123125783e-17,1.4686794124774192,0.0004631300148385531,152.22217189175907,248,"{""benchmark"": ""ellipses"", ""canonical_case_count"": 25, ""case_index"": 4, ""parameters"": {""aspect_ratio"": 1.75, ""center"": [50.64386512008066, 50.82276161327083], ""major_axis"": 30.0, ""minor_axis"": 17.142857142857142, ""theta"": 0.6965133947666736}, ""random_seed"": 42}",complete_with_reported_fallback,0,0,248,2350,130,0,0,10,False,"{""boundary"": ""retain open physical-boundary endpoints"", ""convergence_tolerance"": 1e-11, ""fallback"": ""retain-area-preserving-quadratic"", ""max_sweeps"": 10, ""multiple_root"": ""least displacement from the current predictor"", ""target_neighbor"": ""triggering eligible neighbor, then nearest eligible 8-neighbor; tangent alignment and lexicographic index break ties"", ""update_order"": ""lexicographic Gauss-Seidel""}",[]
QUASI,QUASI (frozen Cartesian port),zalesak,0,43,32,3.125,0.7548484999999943,54,47,7,0,0,0,0.8423356454970827,0.6033682416901134,0.0,0.0,0,2.569960705150825e-18,1.1102230246251565e-16,0.20111880532879278,0.0019723114231509726,3.341362054781833,54,"{""benchmark"": ""zalesak"", ""canonical_case_count"": 25, ""case_index"": 0, ""parameters"": {""center"": [50.65229926270091, 50.043775323639], ""radius"": 15.0, ""slot_top_rel"": 10.0, ""slot_vertices"": [[48.62539471145046, 34.97255480438041], [53.62292020881417, 35.12984085970514], [52.8364899007333, 60.117469346028784], [47.83896440336959, 59.96018329070405]], ""slot_width"": 5.0, ""theta"": 0.03146240148923911}, ""random_seed"": 43}",complete_with_reported_fallback,7,7,54,524,16,0,0,10,False,"{""boundary"": ""retain open physical-boundary endpoints"", ""convergence_tolerance"": 1e-11, ""fallback"": ""retain-area-preserving-quadratic"", ""max_sweeps"": 10, ""multiple_root"": ""least displacement from the current predictor"", ""target_neighbor"": ""triggering eligible neighbor, then nearest eligible 8-neighbor; tangent alignment and lexicographic index break ties"", ""update_order"": ""lexicographic Gauss-Seidel""}","[""Section 2.5 correction retained the area-preserving local quadratic in (16, 16) (no-common-edge-endpoint)"", ""Section 2.5 correction retained the area-preserving local quadratic in (16, 17) (no-common-edge-endpoint)"", ""Section 2.5 correction retained the area-preserving local quadratic in (16, 18) (no-common-edge-endpoint)"", ""Section 2.5 correction retained the area-preserving local quadratic in (15, 20) (no-common-edge-endpoint)"", ""Section 2.5 correction retained the area-preserving local quadratic in (16, 20) (no-common-edge-endpoint)"", ""Section 2.5 correction retained the area-preserving local quadratic in (18, 12) (no-common-edge-endpoint)"", ""Section 2.5 correction retained the area-preserving local quadratic in (20, 16) (no-common-edge-endpoint)""]"
QUASI,QUASI (frozen Cartesian port),zalesak,0,43,64,1.5625,1.5994354999999985,112,108,3,0,1,0,0.7499923221310568,0.7499923221310568,0.0,0.0,0,0.0,0.0,0.18164575471025474,0.00108426345836668,3.528455294764194,111,"{""benchmark"": ""zalesak"", ""canonical_case_count"": 25, ""case_index"": 0, ""parameters"": {""center"": [50.65229926270091, 50.043775323639], ""radius"": 15.0, ""slot_top_rel"": 10.0, ""slot_vertices"": [[48.62539471145046, 34.97255480438041], [53.62292020881417, 35.12984085970514], [52.8364899007333, 60.117469346028784], [47.83896440336959, 59.96018329070405]], ""slot_width"": 5.0, ""theta"": 0.03146240148923911}, ""random_seed"": 43}",complete_with_reported_fallback,3,2,111,1070,30,2,1,10,False,"{""boundary"": ""retain open physical-boundary endpoints"", ""convergence_tolerance"": 1e-11, ""fallback"": ""retain-area-preserving-quadratic"", ""max_sweeps"": 10, ""multiple_root"": ""least displacement from the current predictor"", ""target_neighbor"": ""triggering eligible neighbor, then nearest eligible 8-neighbor; tangent alignment and lexicographic index break ties"", ""update_order"": ""lexicographic Gauss-Seidel""}","[""Section 2.5 fallback retained a conservative local quadratic for multiply claimed endpoint ((34, 23), (35, 23))"", ""Section 2.5 correction retained the area-preserving local quadratic in (41, 32) (no-common-edge-endpoint)""]"
QUASI,QUASI (frozen Cartesian port),zalesak,0,43,128,0.78125,3.094267208000005,218,218,0,0,0,0,0.7358636137993277,0.7358636137993277,0.0,0.0,0,6.365957710006632e-20,1.3877787807814457e-17,0.49496662343902953,0.0007929212807038807,17.381794841375374,218,"{""benchmark"": ""zalesak"", ""canonical_case_count"": 25, ""case_index"": 0, ""parameters"": {""center"": [50.65229926270091, 50.043775323639], ""radius"": 15.0, ""slot_top_rel"": 10.0, ""slot_vertices"": [[48.62539471145046, 34.97255480438041], [53.62292020881417, 35.12984085970514], [52.8364899007333, 60.117469346028784], [47.83896440336959, 59.96018329070405]], ""slot_width"": 5.0, ""theta"": 0.03146240148923911}, ""random_seed"": 43}",complete_with_reported_fallback,0,0,218,2149,31,0,0,10,False,"{""boundary"": ""retain open physical-boundary endpoints"", ""convergence_tolerance"": 1e-11, ""fallback"": ""retain-area-preserving-quadratic"", ""max_sweeps"": 10, ""multiple_root"": ""least displacement from the current predictor"", ""target_neighbor"": ""triggering eligible neighbor, then nearest eligible 8-neighbor; tangent alignment and lexicographic index break ties"", ""update_order"": ""lexicographic Gauss-Seidel""}",[]
QUASI,QUASI (frozen Cartesian port),zalesak,1,43,32,3.125,0.80248837500001,57,44,13,0,0,0,1.7227483834946304,1.7227483834946304,0.0,0.0,1,8.764918615461762e-18,4.440892098500626e-16,0.17961658561977092,0.03433402187900802,1.3116157354991997,57,"{""benchmark"": ""zalesak"", ""canonical_case_count"": 25, ""case_index"": 1, ""parameters"": {""center"": [50.83921258251103, 50.58714304758806], ""radius"": 15.0, ""slot_top_rel"": 10.0, ""slot_vertices"": [[53.67857342210856, 35.64766313620691], [58.37033090017683, 37.37607621385659], [49.7282651662458, 60.83486454254944], [45.03650768817753, 59.106451464899756]], ""slot_width"": 5.0, ""theta"": 0.3529661502154549}, ""random_seed"": 43}",complete_with_reported_fallback,13,12,56,560,0,0,0,10,False,"{""boundary"": ""retain open physical-boundary endpoints"", ""convergence_tolerance"": 1e-11, ""fallback"": ""retain-area-preserving-quadratic"", ""max_sweeps"": 10, ""multiple_root"": ""least displacement from the current predictor"", ""target_neighbor"": ""triggering eligible neighbor, then nearest eligible 8-neighbor; tangent alignment and lexicographic index break ties"", ""update_order"": ""lexicographic Gauss-Seidel""}","[""Section 2.5 correction retained the area-preserving local quadratic in (14, 19) (no-common-edge-endpoint)"", ""Section 2.5 correction retained the area-preserving local quadratic in (14, 20) (no-common-edge-endpoint)"", ""Section 2.5 correction retained the area-preserving local quadratic in (16, 16) (no-common-edge-endpoint)"", ""Section 2.5 correction retained the area-preserving local quadratic in (15, 17) (no-common-edge-endpoint)"", ""Section 2.5 correction retained the area-preserving local quadratic in (15, 20) (no-common-edge-endpoint)"", ""Section 2.5 fallback retained a conservative local quadratic for multiply claimed endpoint ((16, 11), (16, 12))"", ""Section 2.5 correction retained the area-preserving local quadratic in (17, 13) (no-common-edge-endpoint)"", ""Section 2.5 correction retained the area-preserving local quadratic in (17, 14) (no-common-edge-endpoint)"", ""Section 2.5 correction retained the area-preserving local quadratic in (16, 19) (no-common-edge-endpoint)"", ""Section 2.5 correction retained the area-preserving local quadratic in (18, 12) (diagonal-vertex-jump)"", ""Section 2.5 correction retained the area-preserving local quadratic in (19, 13) (no-common-edge-endpoint)"", ""Section 2.5 correction retained the area-preserving local quadratic in (20, 16) (no-common-edge-endpoint)""]"
QUASI,QUASI (frozen Cartesian port),zalesak,1,43,64,1.5625,1.6421938330000074,117,110,7,0,0,0,0.8596095379108047,0.8596095379108047,0.0,0.0,4,1.1861357100696118e-19,1.3877787807814457e-17,0.1938267827185868,0.0023902996815250172,3.426517284806687,117,"{""benchmark"": ""zalesak"", ""canonical_case_count"": 25, ""case_index"": 1, ""parameters"": {""center"": [50.83921258251103, 50.58714304758806], ""radius"": 15.0, ""slot_top_rel"": 10.0, ""slot_vertices"": [[53.67857342210856, 35.64766313620691], [58.37033090017683, 37.37607621385659], [49.7282651662458, 60.83486454254944], [45.03650768817753, 59.106451464899756]], ""slot_width"": 5.0, ""theta"": 0.3529661502154549}, ""random_seed"": 43}",complete_with_reported_fallback,7,4,114,1134,6,0,0,10,False,"{""boundary"": ""retain open physical-boundary endpoints"", ""convergence_tolerance"": 1e-11, ""fallback"": ""retain-area-preserving-quadratic"", ""max_sweeps"": 10, ""multiple_root"": ""least displacement from the current predictor"", ""target_neighbor"": ""triggering eligible neighbor, then nearest eligible 8-neighbor; tangent alignment and lexicographic index break ties"", ""update_order"": ""lexicographic Gauss-Seidel""}","[""Section 2.5 fallback retained a conservative local quadratic for multiply claimed endpoint ((29, 36), (29, 37))"", ""Section 2.5 fallback retained a conservative local quadratic for multiply claimed endpoint ((33, 22), (33, 23))"", ""Section 2.5 fallback retained a conservative local quadratic for multiply claimed endpoint ((33, 23), (33, 24))"", ""Section 2.5 fallback retained a conservative local quadratic for multiply claimed endpoint ((34, 22), (34, 23))""]"
QUASI,QUASI (frozen Cartesian port),zalesak,1,43,128,0.78125,3.3674242919999813,234,233,1,0,0,0,0.480196223260154,0.480196223260154,0.0,0.0,0,4.6067008974090285e-19,2.7755575615628914e-17,0.5417351641925887,0.016333536078593898,5.91833444678178,234,"{""benchmark"": ""zalesak"", ""canonical_case_count"": 25, ""case_index"": 1, ""parameters"": {""center"": [50.83921258251103, 50.58714304758806], ""radius"": 15.0, ""slot_top_rel"": 10.0, ""slot_vertices"": [[53.67857342210856, 35.64766313620691], [58.37033090017683, 37.37607621385659], [49.7282651662458, 60.83486454254944], [45.03650768817753, 59.106451464899756]], ""slot_width"": 5.0, ""theta"": 0.3529661502154549}, ""random_seed"": 43}",complete_with_reported_fallback,1,1,234,2308,32,0,0,10,False,"{""boundary"": ""retain open physical-boundary endpoints"", ""convergence_tolerance"": 1e-11, ""fallback"": ""retain-area-preserving-quadratic"", ""max_sweeps"": 10, ""multiple_root"": ""least displacement from the current predictor"", ""target_neighbor"": ""triggering eligible neighbor, then nearest eligible 8-neighbor; tangent alignment and lexicographic index break ties"", ""update_order"": ""lexicographic Gauss-Seidel""}","[""Section 2.5 correction retained the area-preserving local quadratic in (58, 75) (no-common-edge-endpoint)""]"
QUASI,QUASI (frozen Cartesian port),zalesak,2,43,32,3.125,0.8182976670000244,60,46,14,0,0,0,2.499784366878657,2.499784366878657,0.0,0.0,3,9.251858538542971e-19,5.551115123125783e-17,0.3701219204379317,0.015647201683884244,13.548426636033232,60,"{""benchmark"": ""zalesak"", ""canonical_case_count"": 25, ""case_index"": 2, ""parameters"": {""center"": [50.751792271818616, 50.26369219747838], ""radius"": 15.0, ""slot_top_rel"": 10.0, ""slot_vertices"": [[57.96954671771748, 36.87884812820704], [61.92042811455808, 39.94324630535355], [46.5984366159459, 59.697654079732835], [42.64755521910529, 56.63325590258633]], ""slot_width"": 5.0, ""theta"": 0.6596997579173125}, ""random_seed"": 43}",complete_with_reported_fallback,14,17,58,578,2,0,0,10,False,"{""boundary"": ""retain open physical-boundary endpoints"", ""convergence_tolerance"": 1e-11, ""fallback"": ""retain-area-preserving-quadratic"", ""max_sweeps"": 10, ""multiple_root"": ""least displacement from the current predictor"", ""target_neighbor"": ""triggering eligible neighbor, then nearest eligible 8-neighbor; tangent alignment and lexicographic index break ties"", ""update_order"": ""lexicographic Gauss-Seidel""}","[""Section 2.5 correction retained the area-preserving local quadratic in (13, 18) (no-common-edge-endpoint)"", ""Section 2.5 correction retained the area-preserving local quadratic in (13, 19) (no-common-edge-endpoint)"", ""Section 2.5 correction retained the area-preserving local quadratic in (14, 19) (no-common-edge-endpoint)"", ""Section 2.5 correction retained the area-preserving local quadratic in (14, 18) (no-common-edge-endpoint)"", ""Section 2.5 correction retained the area-preserving local quadratic in (15, 17) (no-common-edge-endpoint)"", ""Section 2.5 fallback retained a conservative local quadratic for multiply claimed endpoint ((14, 18), (14, 19))"", ""Section 2.5 fallback retained a conservative local quadratic for multiply claimed endpoint ((14, 19), (14, 20))"", ""Section 2.5 correction retained the area-preserving local quadratic in (15, 17) (no-common-edge-endpoint)"", ""Section 2.5 correction retained the area-preserving local quadratic in (16, 16) (no-common-edge-endpoint)"", ""Section 2.5 correction retained the area-preserving local quadratic in (16, 15) (no-common-edge-endpoint)"", ""Section 2.5 correction retained the area-preserving local quadratic in (16, 15) (no-common-edge-endpoint)"", ""Section 2.5 fallback retained a conservative local quadratic for multiply claimed endpoint ((17, 11), (17, 12))"", ""Section 2.5 correction retained the area-preserving local quadratic in (18, 12) (no-common-edge-endpoint)"", ""Section 2.5 correction retained the area-preserving local quadratic in (18, 13) (no-common-edge-endpoint)"", ""Section 2.5 correction retained the area-preserving local quadratic in (18, 13) (no-common-edge-endpoint)"", ""Section 2.5 correction retained the area-preserving local quadratic in (19, 13) (no-common-edge-endpoint)"", ""Section 2.5 correction retained the area-preserving local quadratic in (20, 16) (no-common-edge-endpoint)""]"
QUASI,QUASI (frozen Cartesian port),zalesak,2,43,64,1.5625,1.650359083000012,121,116,5,0,0,0,0.9390656967613082,0.9390656967613082,0.0,0.0,1,1.1545409084690682e-18,5.551115123125783e-17,0.25240944004450233,0.00043075581373493155,7.45745722496662,121,"{""benchmark"": ""zalesak"", ""canonical_case_count"": 25, ""case_index"": 2, ""parameters"": {""center"": [50.751792271818616, 50.26369219747838], ""radius"": 15.0, ""slot_top_rel"": 10.0, ""slot_vertices"": [[57.96954671771748, 36.87884812820704], [61.92042811455808, 39.94324630535355], [46.5984366159459, 59.697654079732835], [42.64755521910529, 56.63325590258633]], ""slot_width"": 5.0, ""theta"": 0.6596997579173125}, ""random_seed"": 43}",complete_with_reported_fallback,5,4,118,1145,35,0,0,10,False,"{""boundary"": ""retain open physical-boundary endpoints"", ""convergence_tolerance"": 1e-11, ""fallback"": ""retain-area-preserving-quadratic"", ""max_sweeps"": 10, ""multiple_root"": ""least displacement from the current predictor"", ""target_neighbor"": ""triggering eligible neighbor, then nearest eligible 8-neighbor; tangent alignment and lexicographic index break ties"", ""update_order"": ""lexicographic Gauss-Seidel""}","[""Section 2.5 correction retained the area-preserving local quadratic in (28, 36) (no-common-edge-endpoint)"", ""Section 2.5 correction retained the area-preserving local quadratic in (29, 38) (no-common-edge-endpoint)"", ""Section 2.5 fallback retained a conservative local quadratic for multiply claimed endpoint ((36, 23), (36, 24))"", ""Section 2.5 correction retained the area-preserving local quadratic in (39, 26) (no-common-edge-endpoint)""]"
QUASI,QUASI (frozen Cartesian port),zalesak,2,43,128,0.78125,3.408659,242,237,5,0,0,0,0.47264717221033015,0.47264717221033015,0.0,0.0,1,3.154042683594195e-19,3.469446951953614e-17,0.239495092215611,7.284125155058996e-05,13.848553507664102,242,"{""benchmark"": ""zalesak"", ""canonical_case_count"": 25, ""case_index"": 2, ""parameters"": {""center"": [50.751792271818616, 50.26369219747838], ""radius"": 15.0, ""slot_top_rel"": 10.0, ""slot_vertices"": [[57.96954671771748, 36.87884812820704], [61.92042811455808, 39.94324630535355], [46.5984366159459, 59.697654079732835], [42.64755521910529, 56.63325590258633]], ""slot_width"": 5.0, ""theta"": 0.6596997579173125}, ""random_seed"": 43}",complete_with_reported_fallback,5,4,240,2333,67,0,0,10,False,"{""boundary"": ""retain open physical-boundary endpoints"", ""convergence_tolerance"": 1e-11, ""fallback"": ""retain-area-preserving-quadratic"", ""max_sweeps"": 10, ""multiple_root"": ""least displacement from the current predictor"", ""target_neighbor"": ""triggering eligible neighbor, then nearest eligible 8-neighbor; tangent alignment and lexicographic index break ties"", ""update_order"": ""lexicographic Gauss-Seidel""}","[""Section 2.5 correction retained the area-preserving local quadratic in (55, 72) (no-common-edge-endpoint)"", ""Section 2.5 correction retained the area-preserving local quadratic in (59, 75) (no-common-edge-endpoint)"", ""Section 2.5 fallback retained a conservative local quadratic for multiply claimed endpoint ((73, 47), (73, 48))"", ""Section 2.5 correction retained the area-preserving local quadratic in (79, 52) (no-common-edge-endpoint)""]"
QUASI,QUASI (frozen Cartesian port),zalesak,3,43,32,3.125,0.7736961669999971,55,47,8,0,0,0,1.8856430640493216,1.8856430640493216,0.0,0.0,0,0.0,0.0,0.24028504481788937,0.02596081466304362,2.824439369344785,55,"{""benchmark"": ""zalesak"", ""canonical_case_count"": 25, ""case_index"": 3, ""parameters"": {""center"": [50.45103138700111, 50.95531457922124], ""radius"": 15.0, ""slot_top_rel"": 10.0, ""slot_vertices"": [[64.8128457514437, 45.95648289958936], [65.65777416685198, 50.8845754284321], [41.01731053701976, 55.10921767445916], [40.172382121611484, 50.18112514561642]], ""slot_width"": 5.0, ""theta"": 1.4009958658149604}, ""random_seed"": 43}",complete_with_reported_fallback,8,8,54,528,12,0,0,10,False,"{""boundary"": ""retain open physical-boundary endpoints"", ""convergence_tolerance"": 1e-11, ""fallback"": ""retain-area-preserving-quadratic"", ""max_sweeps"": 10, ""multiple_root"": ""least displacement from the current predictor"", ""target_neighbor"": ""triggering eligible neighbor, then nearest eligible 8-neighbor; tangent alignment and lexicographic index break ties"", ""update_order"": ""lexicographic Gauss-Seidel""}","[""Section 2.5 correction retained the area-preserving local quadratic in (12, 16) (no-common-edge-endpoint)"", ""Section 2.5 correction retained the area-preserving local quadratic in (13, 17) (diagonal-vertex-jump)"", ""Section 2.5 correction retained the area-preserving local quadratic in (13, 16) (no-common-edge-endpoint)"", ""Section 2.5 correction retained the area-preserving local quadratic in (16, 16) (no-common-edge-endpoint)"", ""Section 2.5 correction retained the area-preserving local quadratic in (17, 16) (no-common-edge-endpoint)"", ""Section 2.5 correction retained the area-preserving local quadratic in (18, 16) (no-common-edge-endpoint)"", ""Section 2.5 correction retained the area-preserving local quadratic in (19, 14) (no-common-edge-endpoint)"", ""Section 2.5 correction retained the area-preserving local quadratic in (19, 15) (no-common-edge-endpoint)""]"
QUASI,QUASI (frozen Cartesian port),zalesak,3,43,64,1.5625,1.6639565840000046,114,111,3,0,0,0,0.9357019886765907,0.9357019886765907,0.0,0.0,0,1.0956148269327202e-18,5.551115123125783e-17,0.21579492606805045,0.0017211091068539612,3.5936540414704825,114,"{""benchmark"": ""zalesak"", ""canonical_case_count"": 25, ""case_index"": 3, ""parameters"": {""center"": [50.45103138700111, 50.95531457922124], ""radius"": 15.0, ""slot_top_rel"": 10.0, ""slot_vertices"": [[64.8128457514437, 45.95648289958936], [65.65777416685198, 50.8845754284321], [41.01731053701976, 55.10921767445916], [40.172382121611484, 50.18112514561642]], ""slot_width"": 5.0, ""theta"": 1.4009958658149604}, ""random_seed"": 43}",complete_with_reported_fallback,3,3,114,1126,14,0,0,10,False,"{""boundary"": ""retain open physical-boundary endpoints"", ""convergence_tolerance"": 1e-11, ""fallback"": ""retain-area-preserving-quadratic"", ""max_sweeps"": 10, ""multiple_root"": ""least displacement from the current predictor"", ""target_neighbor"": ""triggering eligible neighbor, then nearest eligible 8-neighbor; tangent alignment and lexicographic index break ties"", ""update_order"": ""lexicographic Gauss-Seidel""}","[""Section 2.5 correction retained the area-preserving local quadratic in (26, 33) (no-common-edge-endpoint)"", ""Section 2.5 correction retained the area-preserving local quadratic in (27, 34) (no-common-edge-endpoint)"", ""Section 2.5 correction retained the area-preserving local quadratic in (40, 29) (no-common-edge-endpoint)""]"
QUASI,QUASI (frozen Cartesian port),zalesak,3,43,128,0.78125,3.117299041999985,224,222,1,0,1,0,0.7915273949424763,0.7915273949424763,0.0,0.0,0,1.4002252272458532e-19,2.7755575615628914e-17,0.881072314653692,8.064691411453773e-05,140.01422573527498,223,"{""benchmark"": ""zalesak"", ""canonical_case_count"": 25, ""case_index"": 3, ""parameters"": {""center"": [50.45103138700111, 50.95531457922124], ""radius"": 15.0, ""slot_top_rel"": 10.0, ""slot_vertices"": [[64.8128457514437, 45.95648289958936], [65.65777416685198, 50.8845754284321], [41.01731053701976, 55.10921767445916], [40.172382121611484, 50.18112514561642]], ""slot_width"": 5.0, ""theta"": 1.4009958658149604}, ""random_seed"": 43}",complete_with_reported_fallback,1,1,223,2208,12,1,1,10,False,"{""boundary"": ""retain open physical-boundary endpoints"", ""convergence_tolerance"": 1e-11, ""fallback"": ""retain-area-preserving-quadratic"", ""max_sweeps"": 10, ""multiple_root"": ""least displacement from the current predictor"", ""target_neighbor"": ""triggering eligible neighbor, then nearest eligible 8-neighbor; tangent alignment and lexicographic index break ties"", ""update_order"": ""lexicographic Gauss-Seidel""}","[""Section 2.5 correction retained the area-preserving local quadratic in (81, 58) (no-common-edge-endpoint)""]"
QUASI,QUASI (frozen Cartesian port),zalesak,4,43,32,3.125,0.781975999999986,58,44,14,0,0,0,2.4996686005876927,2.4996686005876927,0.0,0.0,5,1.579196543647852e-17,8.881784197001252e-16,0.11755287744490052,0.0016238746524407084,1.0762970082160717,58,"{""benchmark"": ""zalesak"", ""canonical_case_count"": 25, ""case_index"": 4, ""parameters"": {""center"": [50.27863302551894, 50.27853429777937], ""radius"": 15.0, ""slot_top_rel"": 10.0, ""slot_vertices"": [[57.538856240192224, 36.91667855566331], [61.47998635500589, 39.9936077745614], [46.0953396451296, 59.69925913685575], [42.154209530315924, 56.622329917957664]], ""slot_width"": 5.0, ""theta"": 0.6628753820790885}, ""random_seed"": 43}",complete_with_reported_fallback,14,17,55,542,8,0,0,10,False,"{""boundary"": ""retain open physical-boundary endpoints"", ""convergence_tolerance"": 1e-11, ""fallback"": ""retain-area-preserving-quadratic"", ""max_sweeps"": 10, ""multiple_root"": ""least displacement from the current predictor"", ""target_neighbor"": ""triggering eligible neighbor, then nearest eligible 8-neighbor; tangent alignment and lexicographic index break ties"", ""update_order"": ""lexicographic Gauss-Seidel""}","[""Section 2.5 correction retained the area-preserving local quadratic in (13, 18) (no-common-edge-endpoint)"", ""Section 2.5 correction retained the area-preserving local quadratic in (13, 19) (no-common-edge-endpoint)"", ""Section 2.5 fallback retained a conservative local quadratic for multiply claimed endpoint ((13, 19), (14, 19))"", ""Section 2.5 correction retained the area-preserving local quadratic in (14, 18) (no-common-edge-endpoint)"", ""Section 2.5 correction retained the area-preserving local quadratic in (15, 17) (no-common-edge-endpoint)"", ""Section 2.5 fallback retained a conservative local quadratic for multiply claimed endpoint ((14, 18), (14, 19))"", ""Section 2.5 correction retained the area-preserving local quadratic in (14, 19) (no-common-edge-endpoint)"", ""Section 2.5 correction retained the area-preserving local quadratic in (15, 16) (no-common-edge-endpoint)"", ""Section 2.5 correction retained the area-preserving local quadratic in (15, 16) (no-common-edge-endpoint)"", ""Section 2.5 correction retained the area-preserving local quadratic in (17, 14) (no-common-edge-endpoint)"", ""Section 2.5 fallback retained a conservative local quadratic for multiply claimed endpoint ((17, 11), (17, 12))"", ""Section 2.5 fallback retained a conservative local quadratic for multiply claimed endpoint ((17, 12), (17, 13))"", ""Section 2.5 correction retained the area-preserving local quadratic in (17, 14) (no-common-edge-endpoint)"", ""Section 2.5 correction retained the area-preserving local quadratic in (18, 13) (no-common-edge-endpoint)"", ""Section 2.5 fallback retained a conservative local quadratic for multiply claimed endpoint ((18, 11), (18, 12))"", ""Section 2.5 correction retained the area-preserving local quadratic in (18, 13) (no-common-edge-endpoint)"", ""Section 2.5 correction retained the area-preserving local quadratic in (19, 12) (no-common-edge-endpoint)""]"
QUASI,QUASI (frozen Cartesian port),zalesak,4,43,64,1.5625,1.624103166999987,119,113,6,0,0,0,0.8545618905066081,0.8545618905066081,0.0,0.0,2,0.0,0.0,0.7529404744516729,0.005723162776091629,48.470035332042585,119,"{""benchmark"": ""zalesak"", ""canonical_case_count"": 25, ""case_index"": 4, ""parameters"": {""center"": [50.27863302551894, 50.27853429777937], ""radius"": 15.0, ""slot_top_rel"": 10.0, ""slot_vertices"": [[57.538856240192224, 36.91667855566331], [61.47998635500589, 39.9936077745614], [46.0953396451296, 59.69925913685575], [42.154209530315924, 56.622329917957664]], ""slot_width"": 5.0, ""theta"": 0.6628753820790885}, ""random_seed"": 43}",complete_with_reported_fallback,6,4,116,1116,44,0,0,10,False,"{""boundary"": ""retain open physical-boundary endpoints"", ""convergence_tolerance"": 1e-11, ""fallback"": ""retain-area-preserving-quadratic"", ""max_sweeps"": 10, ""multiple_root"": ""least displacement from the current predictor"", ""target_neighbor"": ""triggering eligible neighbor, then nearest eligible 8-neighbor; tangent alignment and lexicographic index break ties"", ""update_order"": ""lexicographic Gauss-Seidel""}","[""Section 2.5 fallback retained a conservative local quadratic for multiply claimed endpoint ((27, 35), (27, 36))"", ""Section 2.5 fallback retained a conservative local quadratic for multiply claimed endpoint ((29, 37), (29, 38))"", ""Section 2.5 correction retained the area-preserving local quadratic in (35, 24) (no-common-edge-endpoint)"", ""Section 2.5 correction retained the area-preserving local quadratic in (39, 26) (no-common-edge-endpoint)""]"
QUASI,QUASI (frozen Cartesian port),zalesak,4,43,128,0.78125,3.52618662499998,241,234,7,0,0,0,0.4734997361789505,0.4734997361789505,0.0,0.0,1,0.0,0.0,0.6887099395981435,0.00041482203971379694,50.02791490778808,241,"{""benchmark"": ""zalesak"", ""canonical_case_count"": 25, ""case_index"": 4, ""parameters"": {""center"": [50.27863302551894, 50.27853429777937], ""radius"": 15.0, ""slot_top_rel"": 10.0, ""slot_vertices"": [[57.538856240192224, 36.91667855566331], [61.47998635500589, 39.9936077745614], [46.0953396451296, 59.69925913685575], [42.154209530315924, 56.622329917957664]], ""slot_width"": 5.0, ""theta"": 0.6628753820790885}, ""random_seed"": 43}",complete_with_reported_fallback,7,4,240,2310,90,0,0,10,False,"{""boundary"": ""retain open physical-boundary endpoints"", ""convergence_tolerance"": 1e-11, ""fallback"": ""retain-area-preserving-quadratic"", ""max_sweeps"": 10, ""multiple_root"": ""least displacement from the current predictor"", ""target_neighbor"": ""triggering eligible neighbor, then nearest eligible 8-neighbor; tangent alignment and lexicographic index break ties"", ""update_order"": ""lexicographic Gauss-Seidel""}","[""Section 2.5 fallback retained a conservative local quadratic for multiply claimed endpoint ((54, 71), (54, 72))"", ""Section 2.5 correction retained the area-preserving local quadratic in (59, 75) (no-common-edge-endpoint)"", ""Section 2.5 fallback retained a conservative local quadratic for multiply claimed endpoint ((72, 47), (72, 48))"", ""Section 2.5 fallback retained a conservative local quadratic for multiply claimed endpoint ((78, 52), (79, 52))""]"
