method,variant,benchmark,case_index,random_seed,cells_per_side,cell_size,runtime_seconds,mixed_cells,reconstructed_cells,paper_fallback_cells,unsupported_cells,unresolved_cells,optimizer_failures,sampled_hausdorff,sampled_reconstruction_to_truth,shared_edge_gap_mean,shared_edge_gap_max,unmatched_crossings,conservation_mean_absolute_residual,conservation_max_absolute_residual,curvature_estimator_mean_absolute_error,curvature_estimator_median_absolute_error,curvature_estimator_max_absolute_error,curvature_estimator_samples,parameters_json,status_message
PLVIRA,PLVIRA,lines,0,42,32,3.125,0.04003612500000009,32,30,0,2,0,0,3.125,0.0012490007993619656,3.1606901004501007e-14,1.1368683772161603e-13,0,2.1197858283509656e-14,6.394884621840902e-14,1.8832603624711436e-14,1.4915713109076024e-14,5.96628524363041e-14,30,"{""benchmark"": ""lines"", ""canonical_case_count"": 25, ""case_index"": 0, ""parameters"": {""angle"": 0.0, ""p_left"": [50.773956048555966, 50.43887843975205], ""p_right"": [50.97395604855597, 50.43887843975205]}, ""random_seed"": 42}",partial
PLVIRA,PLVIRA,lines,0,42,64,1.5625,0.08959583299999974,64,62,0,2,0,0,1.5625,0.0012500000000059686,5.766012974751431e-14,2.4158453015843406e-13,0,1.1292042569816511e-14,3.4638958368304884e-14,1.1484864385678403e-13,1.193257048726082e-13,4.769390216097235e-13,62,"{""benchmark"": ""lines"", ""canonical_case_count"": 25, ""case_index"": 0, ""parameters"": {""angle"": 0.0, ""p_left"": [50.773956048555966, 50.43887843975205], ""p_right"": [50.97395604855597, 50.43887843975205]}, ""random_seed"": 42}",partial
PLVIRA,PLVIRA,lines,0,42,128,0.78125,0.2641439590000001,128,126,0,2,0,0,0.78125,0.0012500000000059686,8.157394203042538e-14,2.4158453015843406e-13,0,5.522478418125531e-15,1.765254609153999e-14,4.669028197577785e-13,4.769390216097235e-13,1.907756086438894e-12,126,"{""benchmark"": ""lines"", ""canonical_case_count"": 25, ""case_index"": 0, ""parameters"": {""angle"": 0.0, ""p_left"": [50.773956048555966, 50.43887843975205], ""p_right"": [50.97395604855597, 50.43887843975205]}, ""random_seed"": 42}",partial
PLVIRA,PLVIRA,lines,1,42,32,3.125,0.16537933300000018,40,38,0,2,0,0,3.2263620981796817,0.0012499828934679823,1.9507242668075537e-08,1.3608068627490884e-07,0,2.145213831134266e-15,2.6645352591003757e-14,7.421641644172168e-15,5.909040394788582e-15,2.718985020818761e-14,38,"{""benchmark"": ""lines"", ""canonical_case_count"": 25, ""case_index"": 1, ""parameters"": {""angle"": 0.25132741228718347, ""p_left"": [50.85859791991138, 50.69736802905936], ""p_right"": [51.058597919911385, 50.74871930113291]}, ""random_seed"": 42}",partial
PLVIRA,PLVIRA,lines,1,42,64,1.5625,0.35356416700000004,80,78,0,2,0,0,1.6131810490865452,0.0012499828924359335,1.2455455499230182e-08,1.6019268400668807e-07,0,7.610988050625422e-16,1.3322676295501878e-14,6.81780567121137e-14,5.404912472995349e-14,3.248732558309479e-13,78,"{""benchmark"": ""lines"", ""canonical_case_count"": 25, ""case_index"": 1, ""parameters"": {""angle"": 0.25132741228718347, ""p_left"": [50.85859791991138, 50.69736802905936], ""p_right"": [51.058597919911385, 50.74871930113291]}, ""random_seed"": 42}",partial
PLVIRA,PLVIRA,lines,1,42,128,0.78125,0.7645927090000004,161,158,0,3,0,0,0.806590524544574,0.0012499828943531804,6.816823808380005e-09,5.233427913253763e-08,0,3.601033413090209e-16,9.520162436160717e-15,5.444131721362201e-13,4.330541492124276e-13,2.5996471980199022e-12,158,"{""benchmark"": ""lines"", ""canonical_case_count"": 25, ""case_index"": 1, ""parameters"": {""angle"": 0.25132741228718347, ""p_left"": [50.85859791991138, 50.69736802905936], ""p_right"": [51.058597919911385, 50.74871930113291]}, ""random_seed"": 42}",partial
PLVIRA,PLVIRA,lines,2,42,32,3.125,0.25823099999999943,50,46,0,4,0,0,3.566103140141746,0.00124997584449074,6.854637450321023e-08,9.238790337207092e-07,0,2.8292585665583474e-15,2.842170943040401e-14,9.140447230963077e-15,4.957395397753839e-15,5.0247180513035106e-14,46,"{""benchmark"": ""lines"", ""canonical_case_count"": 25, ""case_index"": 2, ""parameters"": {""angle"": 0.5026548245743669, ""p_left"": [50.09417734788765, 50.97562235163676], ""p_right"": [50.294177347887654, 51.08557328207531]}, ""random_seed"": 42}",partial
PLVIRA,PLVIRA,lines,2,42,64,1.5625,0.47420066599999977,100,96,0,4,0,0,1.7830515680930428,0.0012499759056895435,1.7716622878902838e-08,3.1531902422443636e-07,0,1.5094714396248394e-15,2.65898414397725e-14,4.565954968970225e-14,2.998918203579395e-14,2.407702900588135e-13,96,"{""benchmark"": ""lines"", ""canonical_case_count"": 25, ""case_index"": 2, ""parameters"": {""angle"": 0.5026548245743669, ""p_left"": [50.09417734788765, 50.97562235163676], ""p_right"": [50.294177347887654, 51.08557328207531]}, ""random_seed"": 42}",partial
PLVIRA,PLVIRA,lines,2,42,128,0.78125,1.0058054169999995,199,195,0,4,0,0,0.8915257841877169,0.0012499759044388853,6.5871983247744606e-09,1.388387715905992e-07,0,8.86017660370473e-16,1.8859913630819847e-14,4.458824854085565e-13,3.207006405460178e-13,2.5675636015635277e-12,195,"{""benchmark"": ""lines"", ""canonical_case_count"": 25, ""case_index"": 2, ""parameters"": {""angle"": 0.5026548245743669, ""p_left"": [50.09417734788765, 50.97562235163676], ""p_right"": [50.294177347887654, 51.08557328207531]}, ""random_seed"": 42}",partial
PLVIRA,PLVIRA,lines,3,42,32,3.125,0.22869404200000076,63,55,0,8,0,0,8.573757175558342,0.0012499782526012415,2.373957277683456e-08,1.7534016194531432e-07,0,4.367702538027823e-15,5.1514348342607263e-14,3.995851762040557e-15,2.8184911434720423e-15,1.729848939305937e-14,55,"{""benchmark"": ""lines"", ""canonical_case_count"": 25, ""case_index"": 3, ""parameters"": {""angle"": 0.7539822368615504, ""p_left"": [50.76113970199035, 50.78606430527695], ""p_right"": [50.961139701990355, 50.97387680644045]}, ""random_seed"": 42}",partial
PLVIRA,PLVIRA,lines,3,42,64,1.5625,0.5135328749999992,125,121,0,4,0,0,2.1434392938705304,0.0012499782626055418,3.712461319987924e-08,1.4267146681845588e-06,0,2.6848716661307318e-15,5.1736392947532295e-14,3.207897140918363e-14,1.7263258253765674e-14,1.8482255673319533e-13,121,"{""benchmark"": ""lines"", ""canonical_case_count"": 25, ""case_index"": 3, ""parameters"": {""angle"": 0.7539822368615504, ""p_left"": [50.76113970199035, 50.78606430527695], ""p_right"": [50.961139701990355, 50.97387680644045]}, ""random_seed"": 42}",partial
PLVIRA,PLVIRA,lines,3,42,128,0.78125,1.086211166,249,245,0,4,0,0,1.0717196469557189,0.0012499782027063338,8.08748136512068e-08,6.047305008749504e-06,0,1.0132502121920571e-15,1.504352198367087e-14,2.484131813514402e-13,9.244650950587823e-14,2.216743284338484e-12,245,"{""benchmark"": ""lines"", ""canonical_case_count"": 25, ""case_index"": 3, ""parameters"": {""angle"": 0.7539822368615504, ""p_left"": [50.76113970199035, 50.78606430527695], ""p_right"": [50.961139701990355, 50.97387680644045]}, ""random_seed"": 42}",partial
PLVIRA,PLVIRA,lines,4,42,32,3.125,0.23778841699999909,53,49,0,4,0,0,3.7011685967344654,0.0012499988244580843,8.124940812744354e-08,1.49326423581897e-06,0,1.937225889907161e-15,3.042011087472929e-14,7.463009875344383e-15,4.434234460365554e-15,3.142284666975096e-14,49,"{""benchmark"": ""lines"", ""canonical_case_count"": 25, ""case_index"": 4, ""parameters"": {""angle"": 1.0053096491487339, ""p_left"": [50.12811363267554, 50.45038593789557], ""p_right"": [50.328113632675546, 50.7655355098893]}, ""random_seed"": 42}",partial
PLVIRA,PLVIRA,lines,4,42,64,1.5625,0.5032425000000007,105,101,0,4,0,0,1.8505842987660952,0.0012499988649164124,3.380371862954413e-08,5.195379841893555e-07,0,1.7521737636163361e-15,3.4638958368304884e-14,5.58829533470973e-14,3.591182476542797e-14,2.1558043586319415e-13,101,"{""benchmark"": ""lines"", ""canonical_case_count"": 25, ""case_index"": 4, ""parameters"": {""angle"": 1.0053096491487339, ""p_left"": [50.12811363267554, 50.45038593789557], ""p_right"": [50.328113632675546, 50.7655355098893]}, ""random_seed"": 42}",partial
PLVIRA,PLVIRA,lines,4,42,128,0.78125,1.0938485829999998,209,206,0,3,0,0,0.9252921482365831,0.0012499988206704194,2.0943806432559682e-08,3.4710464547061097e-07,0,6.222962578087528e-16,1.2545520178264269e-14,3.779160427392927e-13,2.8685664904091845e-13,1.7226727160340612e-12,206,"{""benchmark"": ""lines"", ""canonical_case_count"": 25, ""case_index"": 4, ""parameters"": {""angle"": 1.0053096491487339, ""p_left"": [50.12811363267554, 50.45038593789557], ""p_right"": [50.328113632675546, 50.7655355098893]}, ""random_seed"": 42}",partial
PLVIRA,PLVIRA,squares,0,42,32,3.125,0.07613920800000074,15,15,0,0,0,0,1.9032904780030464,1.9032904780030464,0.6791052267755295,1.4694465172363635,5,3.560115165631336e-15,2.042810365310288e-14,0.12619624356383155,0.07115918650004935,0.4434402946510564,15,"{""benchmark"": ""squares"", ""canonical_case_count"": 25, ""case_index"": 0, ""parameters"": {""center"": [50.773956048555966, 50.43887843975205], ""side_length"": 10.0, ""theta"": 1.3486824587905384, ""vertices"": [[54.54966559017056, 44.46024837448121], [56.75258611382681, 54.21458798136665], [46.99824650694137, 56.417508505022894], [44.795325983285124, 46.66316889813746]]}, ""random_seed"": 42}",complete
PLVIRA,PLVIRA,squares,0,42,64,1.5625,0.16648737500000266,31,31,0,0,0,0,0.45620614203193444,0.45620614203193444,0.10864019145198597,0.517082504058493,8,1.0790203855862963e-14,2.1538326677728037e-13,0.1553581312675928,1.6611883750026575e-13,0.8766781180182989,31,"{""benchmark"": ""squares"", ""canonical_case_count"": 25, ""case_index"": 0, ""parameters"": {""center"": [50.773956048555966, 50.43887843975205], ""side_length"": 10.0, ""theta"": 1.3486824587905384, ""vertices"": [[54.54966559017056, 44.46024837448121], [56.75258611382681, 54.21458798136665], [46.99824650694137, 56.417508505022894], [44.795325983285124, 46.66316889813746]]}, ""random_seed"": 42}",complete
PLVIRA,PLVIRA,squares,0,42,128,0.78125,0.3502756249999983,61,61,0,0,0,0,0.24046280830169375,0.24046280830169375,0.05343323318179654,0.40428616073376844,1,1.0306568042096056e-15,1.4349632593280148e-14,0.11335750630274427,1.3274313203907237e-12,1.2765941605356756,61,"{""benchmark"": ""squares"", ""canonical_case_count"": 25, ""case_index"": 0, ""parameters"": {""center"": [50.773956048555966, 50.43887843975205], ""side_length"": 10.0, ""theta"": 1.3486824587905384, ""vertices"": [[54.54966559017056, 44.46024837448121], [56.75258611382681, 54.21458798136665], [46.99824650694137, 56.417508505022894], [44.795325983285124, 46.66316889813746]]}, ""random_seed"": 42}",complete
PLVIRA,PLVIRA,squares,1,42,32,3.125,0.06864258400000267,13,13,0,0,0,0,1.2141811295194331,1.2141811295194331,0.7760467546746561,1.6646431965722357,3,2.0589171393444652e-11,2.674864774121488e-10,0.16813964839978676,0.1995960844043493,0.4734878015617793,13,"{""benchmark"": ""squares"", ""canonical_case_count"": 25, ""case_index"": 1, ""parameters"": {""center"": [50.69736802905936, 50.09417734788765], ""side_length"": 10.833333333333334, ""theta"": 1.532504006290015, ""vertices"": [[55.90269789635846, 44.47411537953183], [56.317429997415175, 55.29950721518676], [45.49203816176026, 55.71423931624347], [45.07730606070355, 44.888847480588545]]}, ""random_seed"": 42}",complete
PLVIRA,PLVIRA,squares,1,42,64,1.5625,0.1457911249999988,30,30,0,0,0,0,0.7336907111568595,0.7336907111568595,0.19613695091299455,1.4260733769947862,4,8.473545938988043e-16,9.992007221626409e-15,0.14465220104389878,1.1906347801729059e-13,0.7690468698395955,30,"{""benchmark"": ""squares"", ""canonical_case_count"": 25, ""case_index"": 1, ""parameters"": {""center"": [50.69736802905936, 50.09417734788765], ""side_length"": 10.833333333333334, ""theta"": 1.532504006290015, ""vertices"": [[55.90269789635846, 44.47411537953183], [56.317429997415175, 55.29950721518676], [45.49203816176026, 55.71423931624347], [45.07730606070355, 44.888847480588545]]}, ""random_seed"": 42}",complete
PLVIRA,PLVIRA,squares,1,42,128,0.78125,0.3130264579999995,60,60,0,0,0,0,0.2911047743253772,0.2911047743253772,0.035601241222328155,0.4005759227997103,3,1.1775339095002983e-15,1.8207657603852567e-14,0.19436954803978332,4.75890913660568e-13,2.662998617087734,60,"{""benchmark"": ""squares"", ""canonical_case_count"": 25, ""case_index"": 1, ""parameters"": {""center"": [50.69736802905936, 50.09417734788765], ""side_length"": 10.833333333333334, ""theta"": 1.532504006290015, ""vertices"": [[55.90269789635846, 44.47411537953183], [56.317429997415175, 55.29950721518676], [45.49203816176026, 55.71423931624347], [45.07730606070355, 44.888847480588545]]}, ""random_seed"": 42}",complete
PLVIRA,PLVIRA,squares,2,42,32,3.125,0.08330033400000048,16,16,0,0,0,0,1.3101105534413475,1.3101105534413475,0.6524489086388705,1.4910888826762587,2,7.188694084447889e-15,4.218847493575595e-14,0.13303733877338272,0.07096979154605215,0.4251018458241151,16,"{""benchmark"": ""squares"", ""canonical_case_count"": 25, ""case_index"": 2, ""parameters"": {""center"": [50.76113970199035, 50.78606430527695], ""side_length"": 11.666666666666666, ""theta"": 0.2012404236190981, ""vertices"": [[46.21152170126112, 43.90445609185793], [57.64274791540937, 46.23644630454772], [55.310757702719584, 57.66767251869597], [43.87953148857133, 55.335682306006184]]}, ""random_seed"": 42}",complete
PLVIRA,PLVIRA,squares,2,42,64,1.5625,0.16392029100000016,32,32,0,0,0,0,0.5247297241876826,0.5247297241876826,0.16387826156796836,0.7531500232631032,0,6.312292810846387e-16,4.884981308350689e-15,0.16506325393064541,1.121179858586697e-13,0.9054193689870214,32,"{""benchmark"": ""squares"", ""canonical_case_count"": 25, ""case_index"": 2, ""parameters"": {""center"": [50.76113970199035, 50.78606430527695], ""side_length"": 11.666666666666666, ""theta"": 0.2012404236190981, ""vertices"": [[46.21152170126112, 43.90445609185793], [57.64274791540937, 46.23644630454772], [55.310757702719584, 57.66767251869597], [43.87953148857133, 55.335682306006184]]}, ""random_seed"": 42}",complete
PLVIRA,PLVIRA,squares,2,42,128,0.78125,0.38797604199999824,68,68,0,0,0,0,0.2786911763568899,0.2786911763568899,0.023736560819358373,0.30658685715978606,6,5.569698029479193e-16,6.6058269965196814e-15,0.07931189285306907,6.727934687466664e-13,0.7434153968633394,68,"{""benchmark"": ""squares"", ""canonical_case_count"": 25, ""case_index"": 2, ""parameters"": {""center"": [50.76113970199035, 50.78606430527695], ""side_length"": 11.666666666666666, ""theta"": 0.2012404236190981, ""vertices"": [[46.21152170126112, 43.90445609185793], [57.64274791540937, 46.23644630454772], [55.310757702719584, 57.66767251869597], [43.87953148857133, 55.335682306006184]]}, ""random_seed"": 42}",complete
PLVIRA,PLVIRA,squares,3,42,32,3.125,0.08692016699999883,18,18,0,0,0,0,1.1043381570689617,1.1043381570689617,0.655826475240401,1.9031194594489378,6,2.593912738922831e-14,2.504663143554353e-13,0.1018730393844836,0.0067397233608852665,0.46443598968479277,18,"{""benchmark"": ""squares"", ""canonical_case_count"": 25, ""case_index"": 3, ""parameters"": {""center"": [50.45038593789557, 50.370798024232585], ""side_length"": 12.5, ""theta"": 1.455759040285497, ""vertices"": [[55.941678291535176, 43.44470906386981], [57.376474898258344, 55.86209037787219], [44.95909358425596, 57.29688698459536], [43.52429697753279, 44.87950567059298]]}, ""random_seed"": 42}",complete
PLVIRA,PLVIRA,squares,3,42,64,1.5625,0.18146320800000026,36,36,0,0,0,0,0.6363805062791306,0.6363805062791306,0.14269652433032387,0.7279654427475748,9,1.8516052888470666e-14,4.1255887595070817e-13,0.1342349834483193,1.167969449475552e-13,0.8454409549232755,36,"{""benchmark"": ""squares"", ""canonical_case_count"": 25, ""case_index"": 3, ""parameters"": {""center"": [50.45038593789557, 50.370798024232585], ""side_length"": 12.5, ""theta"": 1.455759040285497, ""vertices"": [[55.941678291535176, 43.44470906386981], [57.376474898258344, 55.86209037787219], [44.95909358425596, 57.29688698459536], [43.52429697753279, 44.87950567059298]]}, ""random_seed"": 42}",complete
PLVIRA,PLVIRA,squares,3,42,128,0.78125,0.3778427079999993,72,72,0,0,0,0,0.29598037152721646,0.29598037152721646,0.0500044180086985,0.4144307083855523,3,7.203439233993691e-16,1.1157741397482823e-14,0.06776111657972018,4.678118856029175e-13,1.143891699996998,72,"{""benchmark"": ""squares"", ""canonical_case_count"": 25, ""case_index"": 3, ""parameters"": {""center"": [50.45038593789557, 50.370798024232585], ""side_length"": 12.5, ""theta"": 1.455759040285497, ""vertices"": [[55.941678291535176, 43.44470906386981], [57.376474898258344, 55.86209037787219], [44.95909358425596, 57.29688698459536], [43.52429697753279, 44.87950567059298]]}, ""random_seed"": 42}",complete
PLVIRA,PLVIRA,squares,4,42,32,3.125,0.12112649999999903,23,23,0,0,0,0,0.9356795051320798,0.9356795051320798,0.33554104764920256,1.396792472787439,4,2.0234695467349786e-12,4.643396778192255e-11,0.13765919354032907,0.029060856250346084,0.47146642201463146,23,"{""benchmark"": ""squares"", ""canonical_case_count"": 25, ""case_index"": 4, ""parameters"": {""center"": [50.64386512008066, 50.82276161327083], ""side_length"": 13.333333333333334, ""theta"": 0.6965133947666736, ""vertices"": [[49.80695450377682, 41.43189000786556], [60.03473672548593, 49.98585099696699], [51.4807757363845, 60.213633218676094], [41.252993514675396, 51.65967222957467]]}, ""random_seed"": 42}",complete
PLVIRA,PLVIRA,squares,4,42,64,1.5625,0.2513777079999997,48,48,0,0,0,0,0.6769729081969291,0.6769729081969291,0.10088772550704059,0.8226705699066557,8,1.749669654675425e-14,7.175648963908543e-13,0.15319624193518006,7.039999748480988e-06,0.6405786932178221,48,"{""benchmark"": ""squares"", ""canonical_case_count"": 25, ""case_index"": 4, ""parameters"": {""center"": [50.64386512008066, 50.82276161327083], ""side_length"": 13.333333333333334, ""theta"": 0.6965133947666736, ""vertices"": [[49.80695450377682, 41.43189000786556], [60.03473672548593, 49.98585099696699], [51.4807757363845, 60.213633218676094], [41.252993514675396, 51.65967222957467]]}, ""random_seed"": 42}",complete
PLVIRA,PLVIRA,squares,4,42,128,0.78125,0.5007298750000011,95,95,0,0,0,0,0.2511411847477823,0.21827443353077391,0.016726520600902038,0.25807361500673665,6,2.004114619141558e-15,1.1915468611789493e-13,0.14313167091836806,2.156021549552564e-13,1.4365615299736434,95,"{""benchmark"": ""squares"", ""canonical_case_count"": 25, ""case_index"": 4, ""parameters"": {""center"": [50.64386512008066, 50.82276161327083], ""side_length"": 13.333333333333334, ""theta"": 0.6965133947666736, ""vertices"": [[49.80695450377682, 41.43189000786556], [60.03473672548593, 49.98585099696699], [51.4807757363845, 60.213633218676094], [41.252993514675396, 51.65967222957467]]}, ""random_seed"": 42}",complete
PLVIRA,PLVIRA,circles,0,41,32,3.125,0.11863312499999878,24,24,0,0,0,0,0.1360651378674235,0.1360651378674235,0.037459631445489215,0.16573007131712103,0,1.5515366769136563e-14,9.769962616701378e-14,0.020210184465612582,0.004453909552774103,0.1,24,"{""benchmark"": ""circles"", ""canonical_case_count"": 25, ""case_index"": 0, ""parameters"": {""center"": [50.954151102962, 50.7679320906356], ""radius"": 10.0}, ""random_seed"": 41}",complete
PLVIRA,PLVIRA,circles,0,41,64,1.5625,0.2455741670000009,49,49,0,0,0,0,0.0015171982171682007,0.0015171982171682007,0.0005943462682755297,0.0027039319197399436,0,2.5789852113288643e-12,1.2586998110464265e-10,0.0052543549966293,0.001205191940668232,0.1,49,"{""benchmark"": ""circles"", ""canonical_case_count"": 25, ""case_index"": 0, ""parameters"": {""center"": [50.954151102962, 50.7679320906356], ""radius"": 10.0}, ""random_seed"": 41}",complete
PLVIRA,PLVIRA,circles,0,41,128,0.78125,0.5763419590000005,102,102,0,0,0,0,0.0012498889926024642,0.0012498889926024642,2.302554620430841e-05,0.00011800991114085946,0,6.5017776021468764e-15,1.162403506782539e-13,0.00030178379470843607,0.0002808391782073011,0.0005109115611510451,102,"{""benchmark"": ""circles"", ""canonical_case_count"": 25, ""case_index"": 0, ""parameters"": {""center"": [50.954151102962, 50.7679320906356], ""radius"": 10.0}, ""random_seed"": 41}",complete
PLVIRA,PLVIRA,circles,1,41,32,3.125,0.1281022910000047,26,26,0,0,0,0,0.15407755553719035,0.15407755553719035,0.027115947768840316,0.18496195839674812,0,7.839882589276105e-15,5.5067062021407764e-14,0.019297302634712694,0.005154425823224867,0.1,26,"{""benchmark"": ""circles"", ""canonical_case_count"": 25, ""case_index"": 1, ""parameters"": {""center"": [50.125970746788205, 50.82698808593074], ""radius"": 10.0}, ""random_seed"": 41}",complete
PLVIRA,PLVIRA,circles,1,41,64,1.5625,0.2613584580000037,50,50,0,0,0,0,0.0012691183860644554,0.0012691183860644554,0.00023487893771090285,0.0010334614050293567,0,4.336411785210714e-13,1.233857460647414e-11,0.0013087002866269421,0.0011369960219508451,0.0025102983070529467,50,"{""benchmark"": ""circles"", ""canonical_case_count"": 25, ""case_index"": 1, ""parameters"": {""center"": [50.125970746788205, 50.82698808593074], ""radius"": 10.0}, ""random_seed"": 41}",complete
PLVIRA,PLVIRA,circles,1,41,128,0.78125,0.5539928339999989,100,100,0,0,0,0,0.0012500105542175323,0.0012500105542175323,2.155650730195191e-05,6.866059307242267e-05,0,4.951152335341824e-15,1.088573675644966e-13,0.0003033008912073322,0.0002810225138766137,0.0005197552550775947,100,"{""benchmark"": ""circles"", ""canonical_case_count"": 25, ""case_index"": 1, ""parameters"": {""center"": [50.125970746788205, 50.82698808593074], ""radius"": 10.0}, ""random_seed"": 41}",complete
PLVIRA,PLVIRA,circles,2,41,32,3.125,0.12949024999999637,26,26,0,0,0,0,0.14609200994372545,0.14609200994372545,0.019293596972680953,0.17614897556094178,0,6.203502505356267e-15,4.796163466380676e-14,0.01937912717307106,0.005135196442322576,0.1,26,"{""benchmark"": ""circles"", ""canonical_case_count"": 25, ""case_index"": 2, ""parameters"": {""center"": [50.849072073431195, 50.34978283666457], ""radius"": 10.0}, ""random_seed"": 41}",complete
PLVIRA,PLVIRA,circles,2,41,64,1.5625,0.25777745900000326,50,50,0,0,0,0,0.001271583007833903,0.0012658519362677382,0.0003402239283973074,0.0013298404048924795,0,1.527490048509883e-14,3.5349501104064984e-13,0.0013212098832527327,0.0011945012125886695,0.003005659053778878,50,"{""benchmark"": ""circles"", ""canonical_case_count"": 25, ""case_index"": 2, ""parameters"": {""center"": [50.849072073431195, 50.34978283666457], ""radius"": 10.0}, ""random_seed"": 41}",complete
PLVIRA,PLVIRA,circles,2,41,128,0.78125,0.5594487910000012,102,102,0,0,0,0,0.0012499922751244212,0.0012499922751244212,1.753426261528016e-05,7.720589532311806e-05,0,9.189813209071702e-14,6.6484595606652874e-12,0.0003021500583439108,0.0002815501133398013,0.000480851679225916,102,"{""benchmark"": ""circles"", ""canonical_case_count"": 25, ""case_index"": 2, ""parameters"": {""center"": [50.849072073431195, 50.34978283666457], ""radius"": 10.0}, ""random_seed"": 41}",complete
PLVIRA,PLVIRA,circles,3,41,32,3.125,0.14024883300000113,28,28,0,0,0,0,0.1030732689638914,0.1030732689638914,0.03284461148935033,0.14275722471624164,0,1.2726922690323558e-14,1.0502709812953981e-13,0.021392736709327648,0.0042602143922141275,0.1,28,"{""benchmark"": ""circles"", ""canonical_case_count"": 25, ""case_index"": 3, ""parameters"": {""center"": [50.51140923471546, 50.60249990849664], ""radius"": 10.0}, ""random_seed"": 41}",complete
PLVIRA,PLVIRA,circles,3,41,64,1.5625,0.27114949999999993,52,52,0,0,0,0,0.0013050815826132565,0.0013031678164967411,0.0004208846589875201,0.002690123994220528,0,2.4892481238662884e-14,4.5430326167661406e-13,0.0013188938228505668,0.0011901111206864476,0.0036642570959450615,52,"{""benchmark"": ""circles"", ""canonical_case_count"": 25, ""case_index"": 3, ""parameters"": {""center"": [50.51140923471546, 50.60249990849664], ""radius"": 10.0}, ""random_seed"": 41}",complete
PLVIRA,PLVIRA,circles,3,41,128,0.78125,0.5780186249999986,104,104,0,0,0,0,0.0012499815728564923,0.0012499815728564923,2.1093432709771666e-05,0.00012833016474189662,0,1.6876190615906677e-14,9.347522755831505e-13,0.0003008859615478837,0.00027703431790625926,0.0004938408701969099,104,"{""benchmark"": ""circles"", ""canonical_case_count"": 25, ""case_index"": 3, ""parameters"": {""center"": [50.51140923471546, 50.60249990849664], ""radius"": 10.0}, ""random_seed"": 41}",complete
PLVIRA,PLVIRA,circles,4,41,32,3.125,0.13656762499999786,27,27,0,0,0,0,0.1276307369947027,0.1276307369947027,0.04810651601674211,0.16584325233034036,0,1.1345862521099863e-14,8.171241461241152e-14,0.02564779841382862,0.004278569448706332,0.1,27,"{""benchmark"": ""circles"", ""canonical_case_count"": 25, ""case_index"": 4, ""parameters"": {""center"": [50.33883591323763, 50.62180640094461], ""radius"": 10.0}, ""random_seed"": 41}",complete
PLVIRA,PLVIRA,circles,4,41,64,1.5625,0.2674496250000047,51,51,0,0,0,0,0.0012970818808265019,0.0012970818808265019,0.00037936561504513776,0.002244282919214413,0,2.8034253839916718e-14,7.553957459549565e-13,0.0013135146709641384,0.0011650522731945223,0.0029737949748618736,51,"{""benchmark"": ""circles"", ""canonical_case_count"": 25, ""case_index"": 4, ""parameters"": {""center"": [50.33883591323763, 50.62180640094461], ""radius"": 10.0}, ""random_seed"": 41}",complete
PLVIRA,PLVIRA,circles,4,41,128,0.78125,0.5658215830000017,103,103,0,0,0,0,0.0012498424280407664,0.0012498424280407664,2.3657320331434034e-05,0.00030858258367061353,0,2.1969994930650595e-14,1.852296094284611e-12,0.00030158546928127995,0.0002788592637222864,0.00048257667491241607,103,"{""benchmark"": ""circles"", ""canonical_case_count"": 25, ""case_index"": 4, ""parameters"": {""center"": [50.33883591323763, 50.62180640094461], ""radius"": 10.0}, ""random_seed"": 41}",complete
PLVIRA,PLVIRA,ellipses,0,42,32,3.125,0.38416983399999793,64,64,0,0,0,0,0.27241208955485907,0.27241208955485907,0.03684920029646832,0.44730730573600397,0,2.0210070596216045e-14,2.255973186038318e-13,0.025342360653987248,0.0040622047259935845,0.2018603284159797,64,"{""benchmark"": ""ellipses"", ""canonical_case_count"": 25, ""case_index"": 0, ""parameters"": {""aspect_ratio"": 1.5, ""center"": [50.773956048555966, 50.43887843975205], ""major_axis"": 30.0, ""minor_axis"": 20.0, ""theta"": 1.3486824587905384}, ""random_seed"": 42}",complete
PLVIRA,PLVIRA,ellipses,0,42,64,1.5625,0.6285363329999996,128,128,0,0,0,0,0.10643052843343297,0.10643052843343297,0.007729583855281108,0.11125921262909699,0,1.023988209627796e-14,2.6978419498391304e-13,0.017220251022845932,0.0005606402531599837,0.46806783707153,128,"{""benchmark"": ""ellipses"", ""canonical_case_count"": 25, ""case_index"": 0, ""parameters"": {""aspect_ratio"": 1.5, ""center"": [50.773956048555966, 50.43887843975205], ""major_axis"": 30.0, ""minor_axis"": 20.0, ""theta"": 1.3486824587905384}, ""random_seed"": 42}",complete
PLVIRA,PLVIRA,ellipses,0,42,128,0.78125,1.301023832999995,258,258,0,0,0,0,0.014439753483870528,0.014439753483870528,0.0005194897601730989,0.014636156839788583,0,7.924839918324514e-14,1.3086476347012876e-11,0.0035210939731864944,0.00016373498962985594,0.2797509707766355,258,"{""benchmark"": ""ellipses"", ""canonical_case_count"": 25, ""case_index"": 0, ""parameters"": {""aspect_ratio"": 1.5, ""center"": [50.773956048555966, 50.43887843975205], ""major_axis"": 30.0, ""minor_axis"": 20.0, ""theta"": 1.3486824587905384}, ""random_seed"": 42}",complete
PLVIRA,PLVIRA,ellipses,1,42,32,3.125,0.29703470900000184,62,62,0,0,0,0,0.11100102719107283,0.11100102719107283,0.013371530556286317,0.0791572048543756,0,3.924347406176539e-14,7.811529201262601e-13,0.0038412189486636745,0.0007647922378235146,0.07762357412550652,62,"{""benchmark"": ""ellipses"", ""canonical_case_count"": 25, ""case_index"": 1, ""parameters"": {""aspect_ratio"": 1.5625, ""center"": [50.69736802905936, 50.09417734788765], ""major_axis"": 30.0, ""minor_axis"": 19.2, ""theta"": 1.532504006290015}, ""random_seed"": 42}",complete
PLVIRA,PLVIRA,ellipses,1,42,64,1.5625,0.7386968750000023,126,126,0,0,0,0,0.09527436645368154,0.09527436645368154,0.003552376897243728,0.14493457972869095,0,3.1822507454325165e-14,8.288925101851419e-13,0.005734736010107969,0.00027744225584289996,0.3074841702583242,126,"{""benchmark"": ""ellipses"", ""canonical_case_count"": 25, ""case_index"": 1, ""parameters"": {""aspect_ratio"": 1.5625, ""center"": [50.69736802905936, 50.09417734788765], ""major_axis"": 30.0, ""minor_axis"": 19.2, ""theta"": 1.532504006290015}, ""random_seed"": 42}",complete
PLVIRA,PLVIRA,ellipses,1,42,128,0.78125,1.2861156670000042,252,252,0,0,0,0,0.024480785031148877,0.024480785031148877,0.0005766332669386107,0.024516948219062584,0,4.453776267318281e-12,1.1186507276050861e-09,0.005116575772824876,0.00018032250286020499,0.3805205407924778,252,"{""benchmark"": ""ellipses"", ""canonical_case_count"": 25, ""case_index"": 1, ""parameters"": {""aspect_ratio"": 1.5625, ""center"": [50.69736802905936, 50.09417734788765], ""major_axis"": 30.0, ""minor_axis"": 19.2, ""theta"": 1.532504006290015}, ""random_seed"": 42}",complete
PLVIRA,PLVIRA,ellipses,2,42,32,3.125,0.30678695799999645,62,62,0,0,0,0,0.09369852951145911,0.09369852951145911,0.020174820538116135,0.10839038551503677,0,2.558496089719658e-14,6.070699498650356e-13,0.008341528186021543,0.0026881462965191102,0.08729718863561989,62,"{""benchmark"": ""ellipses"", ""canonical_case_count"": 25, ""case_index"": 2, ""parameters"": {""aspect_ratio"": 1.625, ""center"": [50.76113970199035, 50.78606430527695], ""major_axis"": 30.0, ""minor_axis"": 18.46153846153846, ""theta"": 0.2012404236190981}, ""random_seed"": 42}",complete
PLVIRA,PLVIRA,ellipses,2,42,64,1.5625,0.6234056249999966,124,124,0,0,0,0,0.11704436444192072,0.11704436444192072,0.00974125710116642,0.1851815946442521,0,1.72982406253857e-14,3.674838211509268e-13,0.024964670846341797,0.0012919415569217028,0.324307555378067,124,"{""benchmark"": ""ellipses"", ""canonical_case_count"": 25, ""case_index"": 2, ""parameters"": {""aspect_ratio"": 1.625, ""center"": [50.76113970199035, 50.78606430527695], ""major_axis"": 30.0, ""minor_axis"": 18.46153846153846, ""theta"": 0.2012404236190981}, ""random_seed"": 42}",complete
PLVIRA,PLVIRA,ellipses,2,42,128,0.78125,1.2583427080000007,248,248,0,0,0,0,0.050693957606948586,0.050693957606948586,0.0014521812494270457,0.04917127365094842,0,1.8890508460874672e-14,1.6684431614066852e-12,0.016215057509136533,0.00015211257659491703,0.8072268077725013,248,"{""benchmark"": ""ellipses"", ""canonical_case_count"": 25, ""case_index"": 2, ""parameters"": {""aspect_ratio"": 1.625, ""center"": [50.76113970199035, 50.78606430527695], ""major_axis"": 30.0, ""minor_axis"": 18.46153846153846, ""theta"": 0.2012404236190981}, ""random_seed"": 42}",complete
PLVIRA,PLVIRA,ellipses,3,42,32,3.125,0.2926540839999987,60,60,0,0,0,0,0.02602150305395072,0.02602150305395072,0.01424069596038624,0.05552347698050397,0,5.854275397787489e-14,1.334043986389588e-12,0.0016652165879738983,0.0006465415894365539,0.009021016512458138,60,"{""benchmark"": ""ellipses"", ""canonical_case_count"": 25, ""case_index"": 3, ""parameters"": {""aspect_ratio"": 1.6875, ""center"": [50.45038593789557, 50.370798024232585], ""major_axis"": 30.0, ""minor_axis"": 17.77777777777778, ""theta"": 1.455759040285497}, ""random_seed"": 42}",complete
PLVIRA,PLVIRA,ellipses,3,42,64,1.5625,0.5854949579999982,122,122,0,0,0,0,0.01684469868512267,0.01684469868512267,0.0024154969696376636,0.03211708868594343,1,3.571883735752798e-14,2.135402965564026e-12,0.0023986350718760378,0.00028811868128256896,0.08254313867322753,122,"{""benchmark"": ""ellipses"", ""canonical_case_count"": 25, ""case_index"": 3, ""parameters"": {""aspect_ratio"": 1.6875, ""center"": [50.45038593789557, 50.370798024232585], ""major_axis"": 30.0, ""minor_axis"": 17.77777777777778, ""theta"": 1.455759040285497}, ""random_seed"": 42}",complete
PLVIRA,PLVIRA,ellipses,3,42,128,0.78125,1.2440251250000003,244,244,0,0,0,0,0.0504659603719822,0.0504659603719822,0.0011608698104716712,0.05065015921433158,1,1.1556157361404153e-13,1.9960422203979533e-11,0.009404136955196044,9.789877056672752e-05,0.9250218161724375,244,"{""benchmark"": ""ellipses"", ""canonical_case_count"": 25, ""case_index"": 3, ""parameters"": {""aspect_ratio"": 1.6875, ""center"": [50.45038593789557, 50.370798024232585], ""major_axis"": 30.0, ""minor_axis"": 17.77777777777778, ""theta"": 1.455759040285497}, ""random_seed"": 42}",complete
PLVIRA,PLVIRA,ellipses,4,42,32,3.125,0.306152333,62,62,0,0,0,0,0.13458306539009143,0.10349603927642835,0.029349541897113085,0.266177671788995,1,1.0193990588934096e-14,9.059419880941277e-14,0.018275586168389903,0.004886061440087446,0.10171581262800337,62,"{""benchmark"": ""ellipses"", ""canonical_case_count"": 25, ""case_index"": 4, ""parameters"": {""aspect_ratio"": 1.75, ""center"": [50.64386512008066, 50.82276161327083], ""major_axis"": 30.0, ""minor_axis"": 17.142857142857142, ""theta"": 0.6965133947666736}, ""random_seed"": 42}",complete
PLVIRA,PLVIRA,ellipses,4,42,64,1.5625,0.6062389999999951,124,124,0,0,0,0,0.05119942524055821,0.05119942524055821,0.0023541494072434046,0.05240611199428713,0,1.6668687507744376e-13,1.801225835151854e-11,0.0022561742439173105,0.00024656250716372126,0.17524979174580357,124,"{""benchmark"": ""ellipses"", ""canonical_case_count"": 25, ""case_index"": 4, ""parameters"": {""aspect_ratio"": 1.75, ""center"": [50.64386512008066, 50.82276161327083], ""major_axis"": 30.0, ""minor_axis"": 17.142857142857142, ""theta"": 0.6965133947666736}, ""random_seed"": 42}",complete
PLVIRA,PLVIRA,ellipses,4,42,128,0.78125,1.2906268329999975,248,248,0,0,0,0,0.0662274675365382,0.0662274675365382,0.0024266596847420906,0.08991281712820864,0,3.5058235546202416e-15,5.345723863570129e-14,0.024214926686354728,0.00013942055002862802,1.1159488905040835,248,"{""benchmark"": ""ellipses"", ""canonical_case_count"": 25, ""case_index"": 4, ""parameters"": {""aspect_ratio"": 1.75, ""center"": [50.64386512008066, 50.82276161327083], ""major_axis"": 30.0, ""minor_axis"": 17.142857142857142, ""theta"": 0.6965133947666736}, ""random_seed"": 42}",complete
PLVIRA,PLVIRA,zalesak,0,43,32,3.125,0.2742332079999983,54,54,0,0,0,0,2.452981099508148,2.452981099508148,0.1873716618822388,1.8976818015336008,5,1.7303198483085312e-11,9.319442995092686e-10,0.06816014747856007,0.0017862690183303581,0.5813594337979111,54,"{""benchmark"": ""zalesak"", ""canonical_case_count"": 25, ""case_index"": 0, ""parameters"": {""center"": [50.65229926270091, 50.043775323639], ""radius"": 15.0, ""slot_top_rel"": 10.0, ""slot_vertices"": [[48.62539471145046, 34.97255480438041], [53.62292020881417, 35.12984085970514], [52.8364899007333, 60.117469346028784], [47.83896440336959, 59.96018329070405]], ""slot_width"": 5.0, ""theta"": 0.03146240148923911}, ""random_seed"": 43}",complete
PLVIRA,PLVIRA,zalesak,0,43,64,1.5625,0.6114016249999992,112,112,0,0,0,0,0.6394342877598324,0.6394342877598324,0.0388548526149422,0.9552271802890502,5,6.155555898211144e-15,1.8096635301390052e-13,0.028705678469002033,0.00031757605905990277,0.9645523260953202,112,"{""benchmark"": ""zalesak"", ""canonical_case_count"": 25, ""case_index"": 0, ""parameters"": {""center"": [50.65229926270091, 50.043775323639], ""radius"": 15.0, ""slot_top_rel"": 10.0, ""slot_vertices"": [[48.62539471145046, 34.97255480438041], [53.62292020881417, 35.12984085970514], [52.8364899007333, 60.117469346028784], [47.83896440336959, 59.96018329070405]], ""slot_width"": 5.0, ""theta"": 0.03146240148923911}, ""random_seed"": 43}",complete
PLVIRA,PLVIRA,zalesak,0,43,128,0.78125,1.1711251669999996,218,218,0,0,0,0,0.3035573994704553,0.3035573994704553,0.005770128526443937,0.3069041902255165,4,1.0884842799431317e-14,8.391204397995011e-13,0.015070461094887418,7.635722751099527e-05,1.8319015567287444,218,"{""benchmark"": ""zalesak"", ""canonical_case_count"": 25, ""case_index"": 0, ""parameters"": {""center"": [50.65229926270091, 50.043775323639], ""radius"": 15.0, ""slot_top_rel"": 10.0, ""slot_vertices"": [[48.62539471145046, 34.97255480438041], [53.62292020881417, 35.12984085970514], [52.8364899007333, 60.117469346028784], [47.83896440336959, 59.96018329070405]], ""slot_width"": 5.0, ""theta"": 0.03146240148923911}, ""random_seed"": 43}",complete
PLVIRA,PLVIRA,zalesak,1,43,32,3.125,0.29211775000000273,57,57,0,0,0,0,1.387775877086495,1.387775877086495,0.13320797089505257,0.9423471328152431,8,2.0054498997118823e-14,2.473576898864849e-13,0.07213314351154893,0.03489209670328187,0.4709605890287542,57,"{""benchmark"": ""zalesak"", ""canonical_case_count"": 25, ""case_index"": 1, ""parameters"": {""center"": [50.83921258251103, 50.58714304758806], ""radius"": 15.0, ""slot_top_rel"": 10.0, ""slot_vertices"": [[53.67857342210856, 35.64766313620691], [58.37033090017683, 37.37607621385659], [49.7282651662458, 60.83486454254944], [45.03650768817753, 59.106451464899756]], ""slot_width"": 5.0, ""theta"": 0.3529661502154549}, ""random_seed"": 43}",complete
PLVIRA,PLVIRA,zalesak,1,43,64,1.5625,0.5729021249999988,117,117,0,0,0,0,0.6069364390125681,0.6069364390125681,0.03234268992718226,0.5081097285060494,6,2.701483386469044e-14,2.6125768215479184e-12,0.035772445369957155,0.0003054188411455161,1.1323457563305408,117,"{""benchmark"": ""zalesak"", ""canonical_case_count"": 25, ""case_index"": 1, ""parameters"": {""center"": [50.83921258251103, 50.58714304758806], ""radius"": 15.0, ""slot_top_rel"": 10.0, ""slot_vertices"": [[53.67857342210856, 35.64766313620691], [58.37033090017683, 37.37607621385659], [49.7282651662458, 60.83486454254944], [45.03650768817753, 59.106451464899756]], ""slot_width"": 5.0, ""theta"": 0.3529661502154549}, ""random_seed"": 43}",complete
PLVIRA,PLVIRA,zalesak,1,43,128,0.78125,1.1635871250000065,234,234,0,0,0,0,0.24964447200914422,0.22404071025075345,0.009276599220204936,0.3404243721381164,2,6.4766960852717835e-15,4.410916076835747e-13,0.03571021442236347,7.243676360986495e-05,1.1206010588074566,234,"{""benchmark"": ""zalesak"", ""canonical_case_count"": 25, ""case_index"": 1, ""parameters"": {""center"": [50.83921258251103, 50.58714304758806], ""radius"": 15.0, ""slot_top_rel"": 10.0, ""slot_vertices"": [[53.67857342210856, 35.64766313620691], [58.37033090017683, 37.37607621385659], [49.7282651662458, 60.83486454254944], [45.03650768817753, 59.106451464899756]], ""slot_width"": 5.0, ""theta"": 0.3529661502154549}, ""random_seed"": 43}",complete
PLVIRA,PLVIRA,zalesak,2,43,32,3.125,0.31482408300000486,60,60,0,0,0,0,1.8280059810822784,1.8280059810822784,0.20053206347796432,1.5304673302751155,17,1.9161986812103275e-14,2.504663143554353e-13,0.1091678402832566,0.06666666666666667,0.9022682577131784,60,"{""benchmark"": ""zalesak"", ""canonical_case_count"": 25, ""case_index"": 2, ""parameters"": {""center"": [50.751792271818616, 50.26369219747838], ""radius"": 15.0, ""slot_top_rel"": 10.0, ""slot_vertices"": [[57.96954671771748, 36.87884812820704], [61.92042811455808, 39.94324630535355], [46.5984366159459, 59.697654079732835], [42.64755521910529, 56.63325590258633]], ""slot_width"": 5.0, ""theta"": 0.6596997579173125}, ""random_seed"": 43}",complete
PLVIRA,PLVIRA,zalesak,2,43,64,1.5625,0.5806120000000021,121,121,0,0,0,0,0.9718520761395328,0.9718520761395328,0.03514292664961177,0.5457925412079447,1,1.4088850161560092e-14,7.651379529960423e-13,0.05549702936822329,0.00029753370048854477,1.2605072006162976,121,"{""benchmark"": ""zalesak"", ""canonical_case_count"": 25, ""case_index"": 2, ""parameters"": {""center"": [50.751792271818616, 50.26369219747838], ""radius"": 15.0, ""slot_top_rel"": 10.0, ""slot_vertices"": [[57.96954671771748, 36.87884812820704], [61.92042811455808, 39.94324630535355], [46.5984366159459, 59.697654079732835], [42.64755521910529, 56.63325590258633]], ""slot_width"": 5.0, ""theta"": 0.6596997579173125}, ""random_seed"": 43}",complete
PLVIRA,PLVIRA,zalesak,2,43,128,0.78125,1.208044000000001,242,242,0,0,0,0,0.3508311062050326,0.3508311062050326,0.00788951702109666,0.38018830374907964,8,1.2924398435587455e-14,2.3473445409649685e-12,0.06851838337748467,7.188384227524436e-05,1.8939072503332035,242,"{""benchmark"": ""zalesak"", ""canonical_case_count"": 25, ""case_index"": 2, ""parameters"": {""center"": [50.751792271818616, 50.26369219747838], ""radius"": 15.0, ""slot_top_rel"": 10.0, ""slot_vertices"": [[57.96954671771748, 36.87884812820704], [61.92042811455808, 39.94324630535355], [46.5984366159459, 59.697654079732835], [42.64755521910529, 56.63325590258633]], ""slot_width"": 5.0, ""theta"": 0.6596997579173125}, ""random_seed"": 43}",complete
PLVIRA,PLVIRA,zalesak,3,43,32,3.125,0.2842801670000057,55,55,0,0,0,0,1.3487391712093832,1.3487391712093832,0.2054261615874313,1.703203946677533,5,8.180438649706513e-14,2.1012080964055713e-12,0.07608106762758751,0.006233298855551544,0.5741243335097036,55,"{""benchmark"": ""zalesak"", ""canonical_case_count"": 25, ""case_index"": 3, ""parameters"": {""center"": [50.45103138700111, 50.95531457922124], ""radius"": 15.0, ""slot_top_rel"": 10.0, ""slot_vertices"": [[64.8128457514437, 45.95648289958936], [65.65777416685198, 50.8845754284321], [41.01731053701976, 55.10921767445916], [40.172382121611484, 50.18112514561642]], ""slot_width"": 5.0, ""theta"": 1.4009958658149604}, ""random_seed"": 43}",complete
PLVIRA,PLVIRA,zalesak,3,43,64,1.5625,0.5404035419999929,114,114,0,0,0,0,0.7268014848979096,0.7268014848979096,0.04489310426032699,0.9602401343920164,9,9.537661839646448e-15,5.861977570020827e-13,0.030024342536269007,0.00030967756827305487,0.8361018055888256,114,"{""benchmark"": ""zalesak"", ""canonical_case_count"": 25, ""case_index"": 3, ""parameters"": {""center"": [50.45103138700111, 50.95531457922124], ""radius"": 15.0, ""slot_top_rel"": 10.0, ""slot_vertices"": [[64.8128457514437, 45.95648289958936], [65.65777416685198, 50.8845754284321], [41.01731053701976, 55.10921767445916], [40.172382121611484, 50.18112514561642]], ""slot_width"": 5.0, ""theta"": 1.4009958658149604}, ""random_seed"": 43}",complete
PLVIRA,PLVIRA,zalesak,3,43,128,0.78125,1.090894082999995,224,224,0,0,0,0,0.27944260359172596,0.23547545704924558,0.01025439088968499,0.3905544372853882,4,4.04923180799147e-15,2.753353101070388e-13,0.025729018501943406,7.518729348966052e-05,1.0679035393974938,224,"{""benchmark"": ""zalesak"", ""canonical_case_count"": 25, ""case_index"": 3, ""parameters"": {""center"": [50.45103138700111, 50.95531457922124], ""radius"": 15.0, ""slot_top_rel"": 10.0, ""slot_vertices"": [[64.8128457514437, 45.95648289958936], [65.65777416685198, 50.8845754284321], [41.01731053701976, 55.10921767445916], [40.172382121611484, 50.18112514561642]], ""slot_width"": 5.0, ""theta"": 1.4009958658149604}, ""random_seed"": 43}",complete
PLVIRA,PLVIRA,zalesak,4,43,32,3.125,0.3021056249999958,58,58,0,0,0,0,2.0418779321631906,2.0418779321631906,0.22227589689553567,1.292269891702091,16,1.691989460416882e-14,2.366162821232365e-13,0.10315425833494928,0.06666666666666667,0.5552274436223744,58,"{""benchmark"": ""zalesak"", ""canonical_case_count"": 25, ""case_index"": 4, ""parameters"": {""center"": [50.27863302551894, 50.27853429777937], ""radius"": 15.0, ""slot_top_rel"": 10.0, ""slot_vertices"": [[57.538856240192224, 36.91667855566331], [61.47998635500589, 39.9936077745614], [46.0953396451296, 59.69925913685575], [42.154209530315924, 56.622329917957664]], ""slot_width"": 5.0, ""theta"": 0.6628753820790885}, ""random_seed"": 43}",complete
PLVIRA,PLVIRA,zalesak,4,43,64,1.5625,0.5703217500000051,119,119,0,0,0,0,0.9208963620946745,0.9208963620946745,0.02792365923191931,0.6049499695241636,6,9.730843873442691e-15,3.299582829185965e-13,0.0606276164249404,0.00029772050421553176,0.9720772715265091,119,"{""benchmark"": ""zalesak"", ""canonical_case_count"": 25, ""case_index"": 4, ""parameters"": {""center"": [50.27863302551894, 50.27853429777937], ""radius"": 15.0, ""slot_top_rel"": 10.0, ""slot_vertices"": [[57.538856240192224, 36.91667855566331], [61.47998635500589, 39.9936077745614], [46.0953396451296, 59.69925913685575], [42.154209530315924, 56.622329917957664]], ""slot_width"": 5.0, ""theta"": 0.6628753820790885}, ""random_seed"": 43}",complete
PLVIRA,PLVIRA,zalesak,4,43,128,0.78125,1.2417508750000081,241,241,0,0,0,0,0.27689506855041246,0.27689506855041246,0.007626315326534641,0.27371940310936793,9,1.8176024093495518e-14,2.5327517860773696e-12,0.07093061490716866,7.265686944285532e-05,2.3709575238482588,241,"{""benchmark"": ""zalesak"", ""canonical_case_count"": 25, ""case_index"": 4, ""parameters"": {""center"": [50.27863302551894, 50.27853429777937], ""radius"": 15.0, ""slot_top_rel"": 10.0, ""slot_vertices"": [[57.538856240192224, 36.91667855566331], [61.47998635500589, 39.9936077745614], [46.0953396451296, 59.69925913685575], [42.154209530315924, 56.622329917957664]], ""slot_width"": 5.0, ""theta"": 0.6628753820790885}, ""random_seed"": 43}",complete
